gene_id	count
15S_rRNA	8
21S_rRNA	34
HRA1	0
ICR1	194
LSR1	9
NME1	10
PWR1	0
Q0010	0
Q0017	0
Q0032	0
Q0045	3
Q0050	3
Q0055	4
Q0060	0
Q0065	1
Q0070	0
Q0075	1
Q0080	0
Q0085	0
Q0092	0
Q0105	3
Q0110	0
Q0115	0
Q0120	0
Q0130	0
Q0140	0
Q0142	0
Q0143	0
Q0144	0
Q0160	0
Q0182	0
Q0250	1
Q0255	0
Q0275	3
Q0297	0
RDN18-1	0
RDN18-2	0
RDN25-1	0
RDN25-2	0
RDN37-1	1
RDN37-2	0
RDN5-1	0
RDN5-2	0
RDN5-3	0
RDN5-4	0
RDN5-5	0
RDN5-6	0
RDN58-1	0
RDN58-2	0
RNA170	3
RPM1	0
RPR1	20
RUF20	5
RUF21	0
RUF22	0
RUF23	1
RUF5-1	0
RUF5-2	0
SCR1	74
snR10	17
snR11	2
snR128	3
snR13	0
snR14	0
snR161	13
snR17a	22
snR17b	11
snR18	8
snR189	3
snR19	3
snR190	8
snR191	4
snR24	39
snR3	0
snR30	60
snR31	85
snR32	18
snR33	38
snR34	7
snR35	1
snR36	10
snR37	4
snR38	4
snR39	15
snR39B	1
snR4	7
snR40	1
snR41	70
snR42	8
snR43	15
snR44	115
snR45	2
snR46	41
snR47	2
snR48	1
snR49	2
snR5	33
snR50	14
snR51	19
snR52	1
snR53	0
snR54	4
snR55	3
snR56	0
snR57	1
snR58	0
snR59	2
snR6	0
snR60	4
snR61	7
snR62	1
snR63	3
snR64	0
snR65	0
snR66	1
snR67	1
snR68	0
snR69	0
snR7-L	0
snR7-S	0
snR70	17
snR71	3
snR72	0
snR73	0
snR74	0
snR75	9
snR76	1
snR77	3
snR78	1
snR79	1
snR8	4
snR80	8
snR81	1
snR82	13
snR83	11
snR84	18
snR85	11
snR86	26
snR87	1
snR9	5
SRG1	170
tA(AGC)D	0
tA(AGC)F	0
tA(AGC)G	0
tA(AGC)H	0
tA(AGC)J	0
tA(AGC)K1	0
tA(AGC)K2	0
tA(AGC)L	0
tA(AGC)M1	0
tA(AGC)M2	0
tA(AGC)P	0
tA(UGC)A	0
tA(UGC)E	0
tA(UGC)G	0
tA(UGC)L	0
tA(UGC)O	0
tA(UGC)Q	0
tC(GCA)B	0
tC(GCA)G	0
tC(GCA)P1	0
tC(GCA)P2	0
tC(GCA)Q	0
tD(GUC)B	0
tD(GUC)D	0
tD(GUC)G1	0
tD(GUC)G2	0
tD(GUC)I1	0
tD(GUC)I2	0
tD(GUC)J1	0
tD(GUC)J2	0
tD(GUC)J3	0
tD(GUC)J4	0
tD(GUC)K	0
tD(GUC)L1	0
tD(GUC)L2	0
tD(GUC)M	0
tD(GUC)N	0
tD(GUC)O	0
tD(GUC)Q	0
tE(CUC)D	0
tE(CUC)I	0
tE(UUC)B	0
tE(UUC)C	0
tE(UUC)E1	0
tE(UUC)E2	0
tE(UUC)E3	0
tE(UUC)G1	0
tE(UUC)G2	0
tE(UUC)G3	0
tE(UUC)I	0
tE(UUC)J	0
tE(UUC)K	0
tE(UUC)L	0
tE(UUC)M	0
tE(UUC)P	0
tE(UUC)Q	0
tF(GAA)B	0
tF(GAA)D	0
tF(GAA)F	0
tF(GAA)G	0
tF(GAA)H1	0
tF(GAA)H2	0
tF(GAA)M	0
tF(GAA)N	0
tF(GAA)P1	0
tF(GAA)P2	0
tF(GAA)Q	0
tG(CCC)D	0
tG(CCC)O	0
tG(GCC)B	0
tG(GCC)C	0
tG(GCC)D1	0
tG(GCC)D2	0
tG(GCC)E	0
tG(GCC)F1	0
tG(GCC)F2	0
tG(GCC)G1	0
tG(GCC)G2	0
tG(GCC)J1	0
tG(GCC)J2	0
tG(GCC)M	0
tG(GCC)O1	0
tG(GCC)O2	0
tG(GCC)P1	0
tG(GCC)P2	0
tG(UCC)G	0
tG(UCC)N	0
tG(UCC)O	0
tG(UCC)Q	0
tH(GUG)E1	0
tH(GUG)E2	0
tH(GUG)G1	0
tH(GUG)G2	0
tH(GUG)H	0
tH(GUG)K	0
tH(GUG)M	0
tH(GUG)Q	0
tI(AAU)B	0
tI(AAU)D	0
tI(AAU)E1	0
tI(AAU)E2	0
tI(AAU)G	0
tI(AAU)I1	0
tI(AAU)I2	0
tI(AAU)L1	0
tI(AAU)L2	0
tI(AAU)N1	0
tI(AAU)N2	0
tI(AAU)P1	0
tI(AAU)P2	0
tI(GAU)Q	0
tI(UAU)D	0
tI(UAU)L	0
tK(CUU)C	0
tK(CUU)D1	0
tK(CUU)D2	0
tK(CUU)E1	0
tK(CUU)E2	0
tK(CUU)F	0
tK(CUU)G1	0
tK(CUU)G2	0
tK(CUU)G3	0
tK(CUU)I	0
tK(CUU)J	0
tK(CUU)K	0
tK(CUU)M	0
tK(CUU)P	0
tK(UUU)D	0
tK(UUU)G1	0
tK(UUU)G2	0
tK(UUU)K	0
tK(UUU)L	0
tK(UUU)O	0
tK(UUU)P	0
tK(UUU)Q	0
tL(CAA)A	0
tL(CAA)C	0
tL(CAA)D	0
tL(CAA)G1	0
tL(CAA)G2	0
tL(CAA)G3	0
tL(CAA)K	0
tL(CAA)L	0
tL(CAA)M	0
tL(CAA)N	0
tL(GAG)G	0
tL(UAA)B1	0
tL(UAA)B2	0
tL(UAA)D	0
tL(UAA)J	0
tL(UAA)K	0
tL(UAA)L	0
tL(UAA)N	0
tL(UAA)Q	0
tL(UAG)J	0
tL(UAG)L1	0
tL(UAG)L2	0
TLC1	403
tM(CAU)C	0
tM(CAU)D	0
tM(CAU)E	0
tM(CAU)J1	0
tM(CAU)J2	0
tM(CAU)J3	0
tM(CAU)M	0
tM(CAU)O1	0
tM(CAU)O2	0
tM(CAU)P	0
tM(CAU)Q1	0
tM(CAU)Q2	0
tN(GUU)C	0
tN(GUU)F	0
tN(GUU)G	0
tN(GUU)K	0
tN(GUU)L	0
tN(GUU)N1	0
tN(GUU)N2	0
tN(GUU)O1	0
tN(GUU)O2	0
tN(GUU)P	0
tN(GUU)Q	0
tP(AGG)C	0
tP(AGG)N	0
tP(UGG)A	0
tP(UGG)F	0
tP(UGG)H	0
tP(UGG)L	0
tP(UGG)M	0
tP(UGG)N1	0
tP(UGG)N2	0
tP(UGG)O1	0
tP(UGG)O2	0
tP(UGG)O3	0
tP(UGG)Q	0
tQ(CUG)M	0
tQ(UUG)B	0
tQ(UUG)C	0
tQ(UUG)D1	0
tQ(UUG)D2	0
tQ(UUG)D3	0
tQ(UUG)E1	0
tQ(UUG)E2	0
tQ(UUG)H	0
tQ(UUG)L	0
tQ(UUG)Q	0
tR(ACG)D	0
tR(ACG)E	0
tR(ACG)J	0
tR(ACG)K	0
tR(ACG)L	0
tR(ACG)O	0
tR(ACG)Q2	0
tR(CCG)L	0
tR(CCU)J	0
tR(UCU)B	0
tR(UCU)D	0
tR(UCU)E	0
tR(UCU)G1	0
tR(UCU)G2	0
tR(UCU)G3	0
tR(UCU)J1	0
tR(UCU)J2	0
tR(UCU)K	0
tR(UCU)M1	0
tR(UCU)M2	0
tR(UCU)Q1	0
tS(AGA)A	0
tS(AGA)B	0
tS(AGA)D1	0
tS(AGA)D2	0
tS(AGA)D3	0
tS(AGA)E	0
tS(AGA)G	0
tS(AGA)H	0
tS(AGA)J	0
tS(AGA)L	0
tS(AGA)M	0
tS(CGA)C	0
tS(GCU)F	0
tS(GCU)L	0
tS(GCU)O	0
tS(GCU)Q1	0
tS(UGA)E	0
tS(UGA)I	0
tS(UGA)P	0
tS(UGA)Q2	0
tT(AGU)B	0
tT(AGU)C	0
tT(AGU)D	0
tT(AGU)H	0
tT(AGU)I1	0
tT(AGU)I2	0
tT(AGU)J	0
tT(AGU)N1	0
tT(AGU)N2	0
tT(AGU)O1	0
tT(AGU)O2	0
tT(CGU)K	0
tT(UGU)G1	0
tT(UGU)G2	0
tT(UGU)H	0
tT(UGU)P	0
tT(UGU)Q1	0
tT(XXX)Q2	0
tV(AAC)E1	0
tV(AAC)E2	0
tV(AAC)G1	0
tV(AAC)G2	0
tV(AAC)G3	0
tV(AAC)H	0
tV(AAC)J	0
tV(AAC)K1	0
tV(AAC)K2	0
tV(AAC)L	0
tV(AAC)M1	0
tV(AAC)M2	0
tV(AAC)M3	0
tV(AAC)O	0
tV(CAC)D	0
tV(CAC)H	0
tV(UAC)B	0
tV(UAC)D	0
tV(UAC)Q	0
tW(CCA)G1	0
tW(CCA)G2	0
tW(CCA)J	0
tW(CCA)K	0
tW(CCA)M	0
tW(CCA)P	0
tW(UCA)Q	0
tX(XXX)D	0
tY(GUA)D	0
tY(GUA)F1	0
tY(GUA)F2	0
tY(GUA)J1	0
tY(GUA)J2	0
tY(GUA)M1	0
tY(GUA)M2	0
tY(GUA)O	0
tY(GUA)Q	0
YAL001C	80
YAL002W	350
YAL003W	20116
YAL004W	0
YAL005C	216
YAL007C	288
YAL008W	61
YAL009W	174
YAL010C	118
YAL011W	65
YAL012W	20499
YAL013W	434
YAL014C	516
YAL015C	286
YAL016C-A	5
YAL016C-B	0
YAL016W	997
YAL017W	349
YAL018C	2
YAL019W	634
YAL019W-A	2
YAL020C	198
YAL021C	1984
YAL022C	546
YAL023C	5594
YAL024C	216
YAL025C	153
YAL026C	921
YAL026C-A	10
YAL027W	78
YAL028W	97
YAL029C	584
YAL030W	417
YAL031C	462
YAL031W-A	0
YAL032C	207
YAL033W	160
YAL034C	476
YAL034C-B	1
YAL034W-A	37
YAL035W	2046
YAL036C	833
YAL037C-A	1
YAL037C-B	4
YAL037W	88
YAL038W	134677
YAL039C	548
YAL040C	1784
YAL041W	738
YAL042C-A	3
YAL042W	2121
YAL043C	1322
YAL044C	1939
YAL044W-A	468
YAL045C	0
YAL046C	228
YAL047C	123
YAL047W-A	2
YAL048C	180
YAL049C	344
YAL051W	443
YAL053W	2035
YAL054C	74
YAL055W	14
YAL056C-A	0
YAL056W	356
YAL058W	328
YAL059C-A	0
YAL059W	85
YAL060W	576
YAL061W	15
YAL062W	14
YAL063C	1
YAL063C-A	14
YAL064C-A	0
YAL064W	0
YAL064W-B	0
YAL065C	1
YAL066W	0
YAL067C	63
YAL067W-A	0
YAL068C	0
YAL068W-A	0
YAL069W	0
YAR002C-A	421
YAR002W	604
YAR003W	278
YAR007C	1200
YAR008W	57
YAR009C	1
YAR010C	0
YAR014C	242
YAR015W	851
YAR018C	234
YAR019C	277
YAR019W-A	2
YAR020C	5
YAR023C	42
YAR027W	298
YAR028W	80
YAR029W	12
YAR030C	11
YAR031W	3
YAR033W	1
YAR035C-A	0
YAR035W	130
YAR042W	850
YAR047C	0
YAR050W	19
YAR053W	0
YAR060C	0
YAR061W	0
YAR062W	0
YAR064W	0
YAR066W	0
YAR068W	0
YAR069C	0
YAR070C	0
YAR071W	2
YAR073W	0
YAR075W	0
YBL001C	294
YBL002W	4441
YBL003C	581
YBL004W	980
YBL005W	322
YBL005W-A	0
YBL005W-B	1
YBL006C	337
YBL006W-A	1
YBL007C	2012
YBL008W	123
YBL008W-A	0
YBL009W	466
YBL010C	120
YBL011W	1224
YBL012C	0
YBL013W	34
YBL014C	279
YBL015W	364
YBL016W	1567
YBL017C	687
YBL018C	7
YBL019W	47
YBL020W	864
YBL021C	118
YBL022C	976
YBL023C	241
YBL024W	1255
YBL025W	48
YBL026W	403
YBL027W	4623
YBL028C	40
YBL029C-A	190
YBL029W	198
YBL030C	15527
YBL031W	172
YBL032W	1944
YBL033C	367
YBL034C	230
YBL035C	345
YBL036C	93
YBL037W	341
YBL038W	193
YBL039C	752
YBL039C-A	0
YBL039W-B	6
YBL040C	192
YBL041W	619
YBL042C	1174
YBL043W	12
YBL044W	3
YBL045C	3799
YBL046W	45
YBL047C	1867
YBL048W	3
YBL049W	1
YBL050W	187
YBL051C	1337
YBL052C	255
YBL053W	28
YBL054W	602
YBL055C	246
YBL056W	567
YBL057C	121
YBL058W	589
YBL059C-A	31
YBL059W	12
YBL060W	166
YBL061C	143
YBL062W	0
YBL063W	186
YBL064C	346
YBL065W	1
YBL066C	477
YBL067C	701
YBL068W	382
YBL068W-A	0
YBL069W	135
YBL070C	12
YBL071C	4
YBL071C-B	12
YBL071W-A	69
YBL072C	343
YBL073W	1
YBL074C	24
YBL075C	118
YBL076C	4105
YBL077W	1
YBL078C	32
YBL079W	1329
YBL080C	121
YBL081W	976
YBL082C	618
YBL083C	35
YBL084C	283
YBL085W	806
YBL086C	178
YBL087C	1675
YBL088C	482
YBL089W	323
YBL090W	112
YBL091C	493
YBL091C-A	142
YBL092W	5099
YBL093C	187
YBL094C	11
YBL095W	136
YBL096C	8
YBL097W	17
YBL098W	245
YBL099W	8278
YBL100C	0
YBL100W-A	0
YBL100W-B	6
YBL100W-C	0
YBL101C	975
YBL102W	598
YBL103C	173
YBL104C	288
YBL105C	493
YBL106C	216
YBL107C	62
YBL107W-A	0
YBL108C-A	0
YBL108W	0
YBL109W	0
YBL111C	0
YBL112C	0
YBL113C	2
YBL113W-A	0
YBR001C	120
YBR002C	174
YBR003W	570
YBR004C	342
YBR005W	244
YBR006W	49
YBR007C	226
YBR008C	863
YBR009C	187
YBR010W	2150
YBR011C	5668
YBR012C	0
YBR012W-A	0
YBR012W-B	0
YBR013C	0
YBR014C	87
YBR015C	3640
YBR016W	373
YBR017C	744
YBR018C	17
YBR019C	7
YBR020W	111
YBR021W	738
YBR022W	135
YBR023C	1219
YBR024W	45
YBR025C	5465
YBR026C	163
YBR027C	7
YBR028C	608
YBR029C	1660
YBR030W	186
YBR031W	421
YBR032W	4
YBR033W	14
YBR034C	821
YBR035C	217
YBR036C	1947
YBR037C	136
YBR038W	2838
YBR039W	2114
YBR040W	3
YBR041W	1281
YBR042C	384
YBR043C	527
YBR044C	247
YBR045C	24
YBR046C	51
YBR047W	21
YBR048W	1899
YBR049C	395
YBR050C	23
YBR051W	0
YBR052C	196
YBR053C	141
YBR054W	406
YBR055C	360
YBR056C-B	0
YBR056W	122
YBR056W-A	58
YBR057C	242
YBR058C	684
YBR058C-A	171
YBR059C	616
YBR060C	921
YBR061C	479
YBR062C	39
YBR063C	92
YBR064W	0
YBR065C	110
YBR066C	76
YBR067C	2564
YBR068C	3264
YBR069C	1646
YBR070C	283
YBR071W	289
YBR072C-A	1
YBR072W	15
YBR073W	655
YBR074W	1208
YBR076C-A	71
YBR076W	3
YBR077C	62
YBR078W	24411
YBR079C	4605
YBR080C	1233
YBR081C	133
YBR082C	2385
YBR083W	824
YBR084C-A	3882
YBR084W	1869
YBR085C-A	61
YBR085W	7
YBR086C	4601
YBR087W	514
YBR088C	1069
YBR089C-A	624
YBR089W	4
YBR090C	19
YBR091C	71
YBR092C	1129
YBR093C	103
YBR094W	419
YBR095C	103
YBR096W	340
YBR097W	158
YBR098W	90
YBR099C	48
YBR101C	700
YBR102C	217
YBR103C-A	0
YBR103W	106
YBR104W	112
YBR105C	248
YBR106W	5701
YBR107C	51
YBR108W	649
YBR109C	1899
YBR109W-A	1
YBR110W	472
YBR111C	655
YBR111W-A	68
YBR112C	1305
YBR113W	0
YBR114W	173
YBR115C	1378
YBR116C	0
YBR117C	14
YBR118W	56
YBR119W	62
YBR120C	46
YBR121C	3109
YBR121C-A	0
YBR122C	112
YBR123C	151
YBR124W	1
YBR125C	383
YBR126C	364
YBR126W-A	0
YBR126W-B	4
YBR127C	2784
YBR128C	17
YBR129C	97
YBR130C	272
YBR131C-A	0
YBR131W	99
YBR132C	137
YBR133C	1062
YBR134W	0
YBR135W	154
YBR136W	324
YBR137W	46
YBR138C	254
YBR139W	546
YBR140C	875
YBR141C	71
YBR141W-A	4
YBR142W	466
YBR143C	765
YBR144C	1
YBR145W	93
YBR146W	367
YBR147W	3
YBR148W	12
YBR149W	434
YBR150C	118
YBR151W	281
YBR152W	60
YBR153W	227
YBR154C	313
YBR155W	178
YBR156C	222
YBR157C	197
YBR158W	2170
YBR159W	892
YBR160W	312
YBR161W	197
YBR162C	10833
YBR162W-A	77
YBR163W	255
YBR164C	120
YBR165W	107
YBR166C	153
YBR167C	52
YBR168W	92
YBR169C	66
YBR170C	364
YBR171W	474
YBR172C	903
YBR173C	668
YBR174C	4
YBR175W	153
YBR176W	155
YBR177C	1461
YBR178W	2
YBR179C	317
YBR180W	21
YBR181C	22
YBR182C	151
YBR182C-A	0
YBR183W	12
YBR184W	5
YBR185C	219
YBR186W	0
YBR187W	1479
YBR188C	131
YBR189W	5204
YBR190W	6
YBR191W	2012
YBR191W-A	1507
YBR192W	134
YBR193C	230
YBR194W	20
YBR195C	245
YBR196C	10667
YBR196C-A	24
YBR196C-B	7
YBR197C	174
YBR198C	342
YBR199W	631
YBR200W	411
YBR200W-A	0
YBR201C-A	20
YBR201W	69
YBR202W	413
YBR203W	274
YBR204C	155
YBR205W	262
YBR206W	72
YBR207W	785
YBR208C	481
YBR209W	1
YBR210W	66
YBR211C	90
YBR212W	1315
YBR213W	76
YBR214W	619
YBR215W	269
YBR216C	324
YBR217W	28
YBR218C	2154
YBR219C	0
YBR220C	542
YBR221C	5768
YBR221W-A	0
YBR222C	1539
YBR223C	274
YBR223W-A	0
YBR224W	1
YBR225W	277
YBR226C	3
YBR227C	111
YBR228W	64
YBR229C	869
YBR230C	270
YBR230W-A	5
YBR231C	60
YBR232C	0
YBR233W	513
YBR233W-A	13
YBR234C	2051
YBR235W	486
YBR236C	222
YBR237W	153
YBR238C	1297
YBR239C	370
YBR240C	38
YBR241C	289
YBR242W	310
YBR243C	951
YBR244W	47
YBR245C	343
YBR246W	1060
YBR247C	313
YBR248C	221
YBR249C	4666
YBR250W	48
YBR251W	200
YBR252W	294
YBR253W	90
YBR254C	65
YBR255C-A	99
YBR255W	42
YBR256C	80
YBR257W	56
YBR258C	6
YBR259W	107
YBR260C	520
YBR261C	899
YBR262C	19
YBR263W	1898
YBR264C	24
YBR265W	1435
YBR266C	0
YBR267W	903
YBR268W	48
YBR269C	509
YBR270C	59
YBR271W	384
YBR272C	35
YBR273C	181
YBR274W	144
YBR275C	300
YBR276C	640
YBR277C	3
YBR278W	75
YBR279W	494
YBR280C	88
YBR281C	292
YBR282W	113
YBR283C	4190
YBR284W	84
YBR285W	22
YBR286W	7016
YBR287W	766
YBR288C	509
YBR289W	162
YBR290W	361
YBR291C	348
YBR292C	29
YBR293W	541
YBR294W	2
YBR295W	191
YBR296C	70
YBR296C-A	0
YBR297W	65
YBR298C	189
YBR298C-A	0
YBR299W	0
YBR300C	0
YBR301W	2
YBR302C	0
YCL001W	541
YCL001W-A	0
YCL001W-B	2
YCL002C	269
YCL004W	149
YCL005W	444
YCL005W-A	67
YCL007C	1
YCL008C	494
YCL009C	8234
YCL010C	167
YCL011C	662
YCL012C	84
YCL014W	815
YCL016C	188
YCL017C	1100
YCL018W	3955
YCL019W	0
YCL020W	0
YCL021W-A	66
YCL022C	0
YCL023C	1
YCL024W	486
YCL025C	1156
YCL026C-A	11
YCL026C-B	44
YCL027W	257
YCL028W	605
YCL029C	200
YCL030C	362
YCL031C	296
YCL032W	119
YCL033C	157
YCL034W	263
YCL035C	90
YCL036W	245
YCL037C	571
YCL038C	150
YCL039W	467
YCL040W	381
YCL041C	4
YCL042W	25
YCL043C	12620
YCL044C	1272
YCL045C	2780
YCL046W	0
YCL047C	241
YCL048W	3
YCL048W-A	1
YCL049C	193
YCL050C	2082
YCL051W	504
YCL052C	413
YCL054W	332
YCL055W	209
YCL056C	13
YCL057C-A	438
YCL057W	1177
YCL058C	28
YCL058W-A	19
YCL059C	547
YCL061C	220
YCL063W	474
YCL064C	1438
YCL065W	0
YCL066W	0
YCL067C	0
YCL068C	0
YCL069W	0
YCL073C	0
YCL074W	0
YCL075W	0
YCL076W	0
YCR001W	3
YCR002C	1135
YCR003W	130
YCR004C	852
YCR005C	530
YCR006C	31
YCR007C	38
YCR008W	481
YCR009C	413
YCR010C	1
YCR011C	493
YCR012W	22472
YCR013C	9
YCR014C	41
YCR015C	37
YCR016W	59
YCR017C	1356
YCR018C	304
YCR018C-A	0
YCR019W	60
YCR020C	142
YCR020C-A	26
YCR020W-B	18
YCR021C	7
YCR022C	14
YCR023C	538
YCR024C	177
YCR024C-A	1683
YCR024C-B	7643
YCR025C	54
YCR026C	359
YCR027C	98
YCR028C	605
YCR028C-A	386
YCR030C	1714
YCR031C	6336
YCR032W	67
YCR033W	285
YCR034W	5545
YCR035C	209
YCR036W	249
YCR037C	658
YCR038C	69
YCR038W-A	0
YCR039C	0
YCR040W	0
YCR041W	0
YCR042C	182
YCR043C	281
YCR044C	454
YCR045C	6
YCR045W-A	343
YCR046C	717
YCR047C	232
YCR047W-A	5
YCR048W	821
YCR049C	0
YCR050C	0
YCR051W	481
YCR052W	895
YCR053W	7696
YCR054C	163
YCR057C	827
YCR059C	810
YCR060W	402
YCR061W	1581
YCR063W	71
YCR064C	0
YCR065W	2087
YCR066W	217
YCR067C	1168
YCR068W	308
YCR069W	1986
YCR071C	131
YCR072C	541
YCR073C	114
YCR073W-A	376
YCR075C	89
YCR075W-A	13
YCR076C	136
YCR077C	1816
YCR079W	159
YCR081C-A	0
YCR081W	275
YCR082W	256
YCR083W	152
YCR084C	3024
YCR085W	0
YCR086W	191
YCR087C-A	102
YCR087W	11
YCR088W	2364
YCR089W	1037
YCR090C	63
YCR091W	144
YCR092C	182
YCR093W	1889
YCR094W	232
YCR095C	33
YCR095W-A	3
YCR096C	0
YCR097W	0
YCR097W-A	0
YCR098C	70
YCR099C	17
YCR100C	63
YCR101C	16
YCR102C	21
YCR102W-A	1
YCR104W	0
YCR105W	3
YCR106W	172
YCR107W	53
YCR108C	0
YDL001W	125
YDL002C	114
YDL003W	476
YDL004W	382
YDL005C	200
YDL006W	47
YDL007C-A	0
YDL007W	619
YDL008W	67
YDL009C	4
YDL010W	106
YDL011C	1
YDL012C	261
YDL013W	113
YDL014W	11571
YDL015C	3662
YDL016C	167
YDL017W	51
YDL018C	63
YDL019C	539
YDL020C	501
YDL021W	3
YDL022C-A	0
YDL022W	1102
YDL023C	0
YDL024C	14
YDL025C	505
YDL025W-A	3
YDL026W	4
YDL027C	209
YDL028C	217
YDL029W	1183
YDL030W	56
YDL031W	644
YDL032W	1
YDL033C	424
YDL034W	1
YDL035C	244
YDL036C	248
YDL037C	146
YDL039C	616
YDL040C	535
YDL041W	2
YDL042C	421
YDL043C	79
YDL044C	13
YDL045C	115
YDL045W-A	487
YDL046W	1488
YDL047W	1533
YDL048C	328
YDL049C	72
YDL050C	0
YDL051W	527
YDL052C	962
YDL053C	1093
YDL054C	368
YDL055C	8660
YDL056W	313
YDL057W	77
YDL058W	139
YDL059C	43
YDL060W	960
YDL061C	1350
YDL062W	0
YDL063C	470
YDL064W	188
YDL065C	146
YDL066W	2447
YDL067C	743
YDL068W	1
YDL069C	56
YDL070W	730
YDL071C	20
YDL072C	1041
YDL073W	156
YDL074C	270
YDL075W	2957
YDL076C	211
YDL077C	247
YDL078C	807
YDL079C	15
YDL080C	285
YDL081C	6318
YDL082W	1478
YDL083C	7199
YDL084W	4813
YDL085C-A	14
YDL085W	2
YDL086C-A	11
YDL086W	1814
YDL087C	89
YDL088C	573
YDL089W	228
YDL090C	129
YDL091C	263
YDL092W	101
YDL093W	393
YDL094C	2
YDL095W	3152
YDL096C	1
YDL097C	1747
YDL098C	20
YDL099W	119
YDL100C	675
YDL101C	296
YDL102W	267
YDL103C	968
YDL104C	85
YDL105W	75
YDL106C	298
YDL107W	20
YDL108W	298
YDL109C	242
YDL110C	167
YDL111C	592
YDL112W	644
YDL113C	112
YDL114W	3
YDL114W-A	4
YDL115C	27
YDL116W	439
YDL117W	572
YDL118W	1
YDL119C	84
YDL120W	116
YDL121C	64
YDL122W	808
YDL123W	859
YDL124W	676
YDL125C	1360
YDL126C	1057
YDL127W	236
YDL128W	2477
YDL129W	188
YDL130W	2788
YDL130W-A	26
YDL131W	345
YDL132W	517
YDL133C-A	5
YDL133W	198
YDL134C	387
YDL135C	41
YDL136W	4
YDL137W	371
YDL138W	358
YDL139C	25
YDL140C	3223
YDL141W	1441
YDL142C	319
YDL143W	1511
YDL144C	480
YDL145C	3655
YDL146W	71
YDL147W	437
YDL148C	170
YDL149W	133
YDL150W	298
YDL151C	0
YDL152W	0
YDL153C	109
YDL154W	41
YDL155W	362
YDL156W	166
YDL157C	37
YDL158C	11
YDL159C-B	0
YDL159W	158
YDL159W-A	0
YDL160C	386
YDL160C-A	14
YDL161W	129
YDL162C	3
YDL163W	0
YDL164C	337
YDL165W	275
YDL166C	132
YDL167C	769
YDL168W	821
YDL169C	3
YDL170W	239
YDL171C	2413
YDL172C	6
YDL173W	284
YDL174C	923
YDL175C	104
YDL176W	158
YDL177C	31
YDL178W	281
YDL179W	523
YDL180W	344
YDL181W	512
YDL182W	257
YDL183C	61
YDL184C	4
YDL185C-A	0
YDL185W	4979
YDL186W	2
YDL187C	19
YDL188C	381
YDL189W	413
YDL190C	562
YDL191W	129
YDL192W	437
YDL193W	171
YDL194W	66
YDL195W	6742
YDL196W	23
YDL197C	307
YDL198C	1832
YDL199C	78
YDL200C	20
YDL201W	305
YDL202W	619
YDL203C	565
YDL204W	164
YDL205C	149
YDL206W	173
YDL207W	424
YDL208W	1330
YDL209C	43
YDL210W	49
YDL211C	118
YDL212W	750
YDL213C	353
YDL214C	35
YDL215C	493
YDL216C	17
YDL217C	105
YDL218W	30
YDL219W	163
YDL220C	284
YDL221W	1
YDL222C	44
YDL223C	166
YDL224C	1442
YDL225W	378
YDL226C	1025
YDL227C	198
YDL228C	0
YDL229W	2210
YDL230W	207
YDL231C	1515
YDL232W	22
YDL233W	230
YDL234C	258
YDL235C	89
YDL236W	620
YDL237W	711
YDL238C	97
YDL239C	64
YDL240C-A	0
YDL240W	364
YDL241W	68
YDL242W	7
YDL243C	4
YDL244W	0
YDL245C	0
YDL246C	0
YDL247W	0
YDL247W-A	0
YDL248W	4
YDR001C	342
YDR002W	1531
YDR003W	325
YDR003W-A	41
YDR004W	328
YDR005C	365
YDR006C	866
YDR007W	767
YDR008C	11
YDR009W	59
YDR010C	0
YDR011W	2937
YDR012W	783
YDR013W	29
YDR014W	34
YDR014W-A	3
YDR015C	0
YDR016C	4
YDR017C	449
YDR018C	15
YDR019C	306
YDR020C	265
YDR021W	35
YDR022C	29
YDR023W	3015
YDR024W	9
YDR025W	1683
YDR026C	113
YDR027C	135
YDR028C	401
YDR029W	0
YDR030C	4
YDR031W	80
YDR032C	764
YDR033W	12249
YDR034C	517
YDR034C-A	0
YDR034C-C	0
YDR034C-D	1
YDR034W-B	0
YDR035W	1729
YDR036C	652
YDR037W	5788
YDR038C	53
YDR039C	0
YDR040C	2
YDR041W	294
YDR042C	51
YDR043C	190
YDR044W	850
YDR045C	65
YDR046C	1597
YDR047W	1013
YDR048C	2
YDR049W	250
YDR050C	21770
YDR051C	79
YDR052C	292
YDR053W	6
YDR054C	487
YDR055W	1784
YDR056C	357
YDR057W	234
YDR058C	66
YDR059C	162
YDR060W	872
YDR061W	193
YDR062W	2105
YDR063W	130
YDR064W	21500
YDR065W	80
YDR066C	36
YDR067C	90
YDR068W	35
YDR069C	167
YDR070C	10
YDR071C	410
YDR072C	2379
YDR073W	544
YDR074W	569
YDR075W	180
YDR076W	28
YDR077W	21716
YDR078C	9
YDR079C-A	9
YDR079W	0
YDR080W	203
YDR081C	568
YDR082W	53
YDR083W	218
YDR084C	394
YDR085C	133
YDR086C	125
YDR087C	77
YDR088C	29
YDR089W	181
YDR090C	285
YDR091C	2784
YDR092W	324
YDR093W	449
YDR094W	6
YDR095C	0
YDR096W	637
YDR097C	267
YDR098C	566
YDR098C-A	0
YDR098C-B	0
YDR099W	1435
YDR100W	126
YDR101C	2661
YDR102C	5
YDR103W	621
YDR104C	82
YDR105C	397
YDR106W	14
YDR107C	209
YDR108W	119
YDR109C	79
YDR110W	198
YDR111C	140
YDR112W	5
YDR113C	133
YDR114C	4
YDR115W	147
YDR116C	249
YDR117C	199
YDR118W	42
YDR118W-A	15
YDR119W	1726
YDR119W-A	5
YDR120C	799
YDR121W	129
YDR122W	805
YDR123C	251
YDR124W	34
YDR125C	79
YDR126W	145
YDR127W	2285
YDR128W	474
YDR129C	962
YDR130C	183
YDR131C	157
YDR132C	53
YDR133C	6055
YDR134C	3470
YDR135C	942
YDR136C	0
YDR137W	177
YDR138W	443
YDR139C	8
YDR140W	208
YDR141C	626
YDR142C	171
YDR143C	622
YDR144C	1270
YDR145W	576
YDR146C	569
YDR147W	297
YDR148C	812
YDR149C	0
YDR150W	940
YDR151C	181
YDR152W	591
YDR153C	389
YDR154C	3933
YDR155C	4611
YDR156W	689
YDR157W	960
YDR158W	4006
YDR159W	353
YDR160W	204
YDR161W	413
YDR162C	88
YDR163W	24
YDR164C	321
YDR165W	841
YDR166C	201
YDR167W	78
YDR168W	142
YDR169C	610
YDR169C-A	8
YDR170C	1519
YDR170W-A	0
YDR171W	85
YDR172W	3083
YDR173C	34
YDR174W	2954
YDR175C	138
YDR176W	216
YDR177W	478
YDR178W	724
YDR179C	25
YDR179W-A	93
YDR180W	282
YDR181C	57
YDR182W	331
YDR182W-A	2
YDR183C-A	19
YDR183W	31
YDR184C	243
YDR185C	57
YDR186C	685
YDR187C	0
YDR188W	1613
YDR189W	758
YDR190C	1693
YDR191W	126
YDR192C	305
YDR193W	0
YDR194C	709
YDR194W-A	0
YDR195W	317
YDR196C	36
YDR197W	167
YDR198C	203
YDR199W	0
YDR200C	222
YDR201W	15
YDR202C	139
YDR203W	1
YDR204W	178
YDR205W	480
YDR206W	1331
YDR207C	638
YDR208W	1187
YDR209C	1
YDR210C-C	0
YDR210C-D	1
YDR210W	434
YDR210W-A	0
YDR210W-B	0
YDR211W	608
YDR212W	1911
YDR213W	69
YDR214W	1482
YDR215C	0
YDR216W	493
YDR217C	134
YDR218C	4
YDR219C	172
YDR220C	1
YDR221W	91
YDR222W	629
YDR223W	11
YDR224C	6435
YDR225W	1295
YDR226W	6014
YDR227W	187
YDR228C	197
YDR229W	169
YDR230W	1
YDR231C	174
YDR232W	3518
YDR233C	9125
YDR234W	1126
YDR235W	109
YDR236C	299
YDR237W	180
YDR238C	1366
YDR239C	192
YDR240C	139
YDR241W	1
YDR242W	112
YDR243C	56
YDR244W	139
YDR245W	446
YDR246W	136
YDR246W-A	15
YDR247W	233
YDR248C	41
YDR249C	210
YDR250C	1
YDR251W	596
YDR252W	58
YDR253C	14
YDR254W	57
YDR255C	87
YDR256C	66
YDR257C	335
YDR258C	240
YDR259C	111
YDR260C	34
YDR261C	312
YDR261C-C	0
YDR261C-D	0
YDR261W-A	0
YDR261W-B	0
YDR262W	395
YDR263C	22
YDR264C	950
YDR265W	112
YDR266C	790
YDR267C	54
YDR268W	37
YDR269C	5
YDR270W	87
YDR271C	1
YDR272W	113
YDR273W	30
YDR274C	0
YDR275W	53
YDR276C	3758
YDR277C	202
YDR278C	0
YDR279W	281
YDR280W	209
YDR281C	0
YDR282C	63
YDR283C	489
YDR284C	263
YDR285W	18
YDR286C	8
YDR287W	124
YDR288W	57
YDR289C	27
YDR290W	0
YDR291W	228
YDR292C	403
YDR293C	3040
YDR294C	1346
YDR295C	148
YDR296W	411
YDR297W	1545
YDR298C	1262
YDR299W	286
YDR300C	236
YDR301W	223
YDR302W	106
YDR303C	332
YDR304C	868
YDR305C	143
YDR306C	102
YDR307W	345
YDR308C	45
YDR309C	855
YDR310C	934
YDR311W	117
YDR312W	121
YDR313C	170
YDR314C	80
YDR315C	62
YDR316W	45
YDR316W-A	0
YDR316W-B	0
YDR317W	10
YDR318W	63
YDR319C	81
YDR320C	382
YDR320C-A	19
YDR320W-B	13
YDR321W	2279
YDR322C-A	87
YDR322W	256
YDR323C	45
YDR324C	662
YDR325W	89
YDR326C	1038
YDR327W	1
YDR328C	729
YDR329C	197
YDR330W	340
YDR331W	204
YDR332W	108
YDR333C	1042
YDR334W	225
YDR335W	508
YDR336W	69
YDR337W	423
YDR338C	216
YDR339C	359
YDR340W	0
YDR341C	1802
YDR342C	0
YDR343C	0
YDR344C	18
YDR345C	2105
YDR346C	866
YDR347W	685
YDR348C	727
YDR349C	1756
YDR350C	317
YDR351W	311
YDR352W	398
YDR353W	2578
YDR354C-A	0
YDR354W	1194
YDR355C	0
YDR356W	41
YDR357C	9
YDR358W	121
YDR359C	384
YDR360W	1
YDR361C	226
YDR362C	135
YDR363W	72
YDR363W-A	19
YDR364C	216
YDR365C	288
YDR365W-A	0
YDR365W-B	0
YDR366C	0
YDR367W	295
YDR368W	443
YDR369C	78
YDR370C	274
YDR371C-A	0
YDR371W	105
YDR372C	193
YDR373W	86
YDR374C	1
YDR374W-A	8
YDR375C	584
YDR376W	120
YDR377W	154
YDR378C	53
YDR379C-A	18
YDR379W	194
YDR380W	2067
YDR381C-A	78
YDR381W	1372
YDR382W	13138
YDR383C	17
YDR384C	774
YDR385W	11
YDR386W	76
YDR387C	371
YDR388W	1015
YDR389W	605
YDR390C	568
YDR391C	99
YDR392W	156
YDR393W	56
YDR394W	1739
YDR395W	1980
YDR396W	2
YDR397C	325
YDR398W	925
YDR399W	1356
YDR400W	670
YDR401W	15
YDR402C	20
YDR403W	21
YDR404C	974
YDR405W	363
YDR406W	405
YDR406W-A	15
YDR407C	704
YDR408C	553
YDR409W	263
YDR410C	283
YDR411C	895
YDR412W	35
YDR413C	1
YDR414C	816
YDR415C	146
YDR416W	130
YDR417C	1
YDR418W	6744
YDR419W	147
YDR420W	1007
YDR421W	234
YDR422C	522
YDR423C	146
YDR424C	17
YDR425W	204
YDR426C	0
YDR427W	673
YDR428C	86
YDR429C	1406
YDR430C	402
YDR431W	6
YDR432W	2239
YDR433W	0
YDR434W	286
YDR435C	354
YDR436W	346
YDR437W	76
YDR438W	151
YDR439W	82
YDR440W	133
YDR441C	662
YDR442W	0
YDR443C	476
YDR444W	146
YDR445C	3
YDR446W	5
YDR447C	189
YDR448W	103
YDR449C	270
YDR450W	1547
YDR451C	306
YDR452W	310
YDR453C	51
YDR454C	2038
YDR455C	1
YDR456W	1454
YDR457W	1270
YDR458C	281
YDR459C	349
YDR460W	112
YDR461C-A	30
YDR461W	1
YDR462W	101
YDR463W	949
YDR464C-A	0
YDR464W	392
YDR465C	162
YDR466W	424
YDR467C	9
YDR468C	16
YDR469W	68
YDR470C	182
YDR471W	1985
YDR472W	431
YDR473C	95
YDR475C	133
YDR476C	600
YDR477W	811
YDR478W	16
YDR479C	204
YDR480W	188
YDR481C	438
YDR482C	65
YDR483W	3464
YDR484W	195
YDR485C	118
YDR486C	374
YDR487C	699
YDR488C	68
YDR489W	384
YDR490C	166
YDR491C	0
YDR492W	886
YDR493W	368
YDR494W	342
YDR495C	60
YDR496C	1051
YDR497C	1044
YDR498C	316
YDR499W	253
YDR500C	501
YDR501W	114
YDR502C	1833
YDR503C	237
YDR504C	18
YDR505C	572
YDR506C	125
YDR507C	485
YDR508C	2759
YDR509W	0
YDR510C-A	0
YDR510W	878
YDR511W	152
YDR512C	9
YDR513W	166
YDR514C	41
YDR515W	65
YDR516C	29
YDR517W	645
YDR518W	361
YDR519W	125
YDR520C	84
YDR521W	0
YDR522C	1
YDR523C	29
YDR524C	377
YDR524C-A	0
YDR524C-B	2683
YDR524W-C	1
YDR525W	1
YDR525W-A	446
YDR526C	4
YDR527W	363
YDR528W	410
YDR529C	965
YDR530C	241
YDR531W	171
YDR532C	22
YDR533C	145
YDR534C	135
YDR535C	28
YDR536W	1
YDR537C	0
YDR538W	381
YDR539W	741
YDR540C	13
YDR541C	306
YDR542W	0
YDR543C	0
YDR544C	0
YDR545C-A	0
YDR545W	0
YEL001C	776
YEL002C	1232
YEL003W	33
YEL004W	100
YEL005C	88
YEL006W	283
YEL007W	1867
YEL008C-A	9
YEL008W	0
YEL009C	11483
YEL009C-A	6
YEL010W	0
YEL011W	68
YEL012W	6
YEL013W	599
YEL014C	0
YEL015W	204
YEL016C	365
YEL017C-A	129
YEL017W	855
YEL018C-A	1
YEL018W	86
YEL019C	52
YEL020C	209
YEL020C-B	3
YEL020W-A	24
YEL021W	405
YEL022W	928
YEL023C	163
YEL024W	2209
YEL025C	797
YEL026W	2490
YEL027W	4790
YEL028W	27
YEL029C	213
YEL030C-A	9
YEL030W	234
YEL031W	3182
YEL032C-A	0
YEL032W	663
YEL033W	9974
YEL034C-A	2
YEL034W	16869
YEL035C	0
YEL036C	1691
YEL037C	1506
YEL038W	415
YEL039C	0
YEL040W	7389
YEL041W	53
YEL042W	3577
YEL043W	1142
YEL044W	79
YEL045C	17
YEL046C	10866
YEL047C	673
YEL048C	24
YEL049W	0
YEL050C	563
YEL050W-A	0
YEL051W	237
YEL052W	333
YEL053C	490
YEL053W-A	0
YEL054C	5152
YEL055C	233
YEL056W	578
YEL057C	22
YEL058W	840
YEL059C-A	98
YEL059W	2
YEL060C	1839
YEL061C	101
YEL062W	276
YEL063C	1785
YEL064C	71
YEL065W	720
YEL066W	178
YEL067C	22
YEL068C	54
YEL069C	0
YEL070W	0
YEL071W	1622
YEL072W	128
YEL073C	2
YEL074W	9
YEL075C	0
YEL075W-A	0
YEL076C	0
YEL076C-A	0
YEL077C	1
YEL077W-A	0
YER001W	1863
YER002W	116
YER003C	1999
YER004W	1842
YER005W	242
YER006C-A	7
YER006W	471
YER007C-A	420
YER007W	17
YER008C	839
YER009W	5398
YER010C	194
YER011W	31
YER012W	279
YER013W	249
YER014C-A	1
YER014W	115
YER015W	152
YER016W	214
YER017C	936
YER018C	144
YER019C-A	1613
YER019W	1621
YER020W	350
YER021W	765
YER022W	110
YER023C-A	4
YER023W	896
YER024W	158
YER025W	5415
YER026C	1798
YER027C	390
YER028C	156
YER029C	97
YER030W	20
YER031C	327
YER032W	900
YER033C	229
YER034W	301
YER035W	77
YER036C	5675
YER037W	102
YER038C	46
YER038W-A	20
YER039C	42
YER039C-A	2
YER040W	411
YER041W	264
YER042W	156
YER043C	20404
YER044C	766
YER044C-A	17
YER045C	244
YER046W	45
YER046W-A	2
YER047C	223
YER048C	348
YER048W-A	44
YER049W	1419
YER050C	121
YER051W	142
YER052C	4015
YER053C	53
YER053C-A	7
YER054C	31
YER055C	964
YER056C	3255
YER056C-A	2024
YER057C	1487
YER058W	17
YER059W	186
YER060W	234
YER060W-A	10
YER061C	180
YER062C	129
YER063W	268
YER064C	1011
YER065C	304
YER066C-A	5
YER066W	72
YER067C-A	1
YER067W	8
YER068C-A	2
YER068W	727
YER069W	1007
YER070W	5791
YER071C	28
YER072W	1144
YER073W	1312
YER074W	471
YER074W-A	47
YER075C	500
YER076C	81
YER076W-A	3
YER077C	133
YER078C	347
YER078W-A	1
YER079C-A	0
YER079W	28
YER080W	1062
YER081W	313
YER082C	498
YER083C	2047
YER084W	11
YER084W-A	4
YER085C	0
YER086W	3999
YER087C-A	6
YER087C-B	341
YER087W	128
YER088C	1090
YER088C-A	327
YER088W-B	0
YER089C	1677
YER090C-A	0
YER090W	869
YER091C	7001
YER091C-A	1
YER092W	84
YER093C	207
YER093C-A	133
YER094C	667
YER095W	566
YER096W	113
YER097W	4
YER098W	56
YER099C	125
YER100W	453
YER101C	92
YER102W	341
YER103W	155
YER104W	92
YER105C	588
YER106W	2
YER107C	623
YER107W-A	1
YER109C	457
YER110C	5974
YER111C	369
YER112W	151
YER113C	775
YER114C	760
YER115C	160
YER116C	204
YER117W	436
YER118C	356
YER119C	764
YER119C-A	0
YER120W	2615
YER121W	3
YER122C	831
YER123W	343
YER124C	570
YER125W	2699
YER126C	277
YER127W	564
YER128W	101
YER129W	664
YER130C	244
YER131W	1093
YER132C	927
YER133W	1043
YER133W-A	0
YER134C	545
YER135C	0
YER136W	777
YER137C	14
YER137C-A	0
YER137W-A	0
YER138C	0
YER138W-A	0
YER139C	66
YER140W	161
YER141W	973
YER142C	32
YER143W	444
YER144C	439
YER145C	1597
YER145C-A	4
YER146W	54
YER147C	96
YER147C-A	0
YER148W	765
YER148W-A	8
YER149C	202
YER150W	156
YER151C	625
YER152C	370
YER152W-A	1
YER153C	27
YER154W	2036
YER155C	1610
YER156C	921
YER157W	433
YER158C	342
YER158W-A	4
YER159C	386
YER159C-A	0
YER160C	0
YER161C	269
YER162C	28
YER163C	127
YER164W	640
YER165C-A	0
YER165W	11262
YER166W	679
YER167W	447
YER168C	253
YER169W	370
YER170W	84
YER171W	406
YER172C	307
YER172C-A	0
YER173W	386
YER174C	193
YER175C	178
YER175W-A	0
YER176W	506
YER177W	8646
YER178W	13027
YER179W	6
YER180C	216
YER180C-A	5
YER181C	0
YER182W	205
YER183C	289
YER184C	43
YER185W	15
YER186C	186
YER187W	11
YER188C-A	4
YER188W	56
YER189W	0
YER190C-A	0
YER190C-B	0
YER190W	0
YFL001W	528
YFL002C	445
YFL002W-A	0
YFL002W-B	0
YFL003C	19
YFL004W	1027
YFL005W	131
YFL007W	900
YFL008W	199
YFL009W	302
YFL010C	1179
YFL010W-A	0
YFL011W	1
YFL012W	2
YFL012W-A	0
YFL013C	235
YFL013W-A	0
YFL014W	0
YFL015C	0
YFL015W-A	1
YFL016C	1011
YFL017C	124
YFL017W-A	41
YFL018C	713
YFL019C	3
YFL020C	3
YFL021C-A	3
YFL021W	2379
YFL022C	6019
YFL023W	143
YFL024C	184
YFL025C	427
YFL026W	78
YFL027C	94
YFL028C	103
YFL029C	313
YFL030W	78
YFL031C-A	1
YFL031W	6566
YFL032W	12
YFL033C	575
YFL034C-A	748
YFL034C-B	370
YFL034W	106
YFL036W	706
YFL037W	3868
YFL038C	480
YFL039C	31079
YFL040W	4
YFL041W	806
YFL041W-A	5
YFL042C	86
YFL044C	241
YFL045C	4819
YFL046W	30
YFL047W	580
YFL048C	299
YFL049W	141
YFL050C	191
YFL051C	22
YFL052W	5
YFL053W	9
YFL054C	124
YFL055W	88
YFL056C	29
YFL057C	9
YFL058W	2
YFL059W	0
YFL060C	0
YFL061W	0
YFL062W	0
YFL063W	0
YFL064C	0
YFL065C	1
YFL066C	0
YFL067W	0
YFL068W	0
YFR001W	124
YFR002W	380
YFR003C	41
YFR004W	198
YFR005C	579
YFR006W	893
YFR007W	134
YFR008W	25
YFR009W	627
YFR009W-A	0
YFR010W	758
YFR010W-A	0
YFR011C	65
YFR012W	5
YFR012W-A	3
YFR013W	530
YFR014C	251
YFR015C	60
YFR016C	153
YFR017C	59
YFR018C	467
YFR019W	508
YFR020W	183
YFR021W	213
YFR022W	654
YFR023W	5
YFR024C-A	589
YFR025C	467
YFR026C	34
YFR027W	11
YFR028C	977
YFR029W	356
YFR030W	848
YFR031C	211
YFR031C-A	4362
YFR032C	22
YFR032C-A	1176
YFR032C-B	4
YFR033C	582
YFR034C	502
YFR034W-A	30
YFR035C	5
YFR036W	42
YFR036W-A	1
YFR037C	1142
YFR038W	292
YFR039C	298
YFR040W	485
YFR041C	69
YFR042W	34
YFR043C	102
YFR044C	3093
YFR045W	169
YFR046C	194
YFR047C	337
YFR048W	164
YFR049W	33
YFR050C	1654
YFR051C	4097
YFR052C-A	3
YFR052W	1107
YFR053C	18
YFR054C	8
YFR055W	1422
YFR056C	1
YFR057W	0
YGL001C	1148
YGL002W	77
YGL003C	264
YGL004C	187
YGL005C	21
YGL006W	412
YGL006W-A	0
YGL007C-A	7
YGL007W	2
YGL008C	54706
YGL009C	8714
YGL010W	132
YGL011C	1441
YGL012W	2877
YGL013C	630
YGL014C-A	0
YGL014W	2305
YGL015C	5
YGL016W	553
YGL017W	191
YGL018C	164
YGL019W	1002
YGL020C	273
YGL021W	997
YGL022W	3952
YGL023C	512
YGL024W	6
YGL025C	441
YGL026C	1574
YGL027C	267
YGL028C	2260
YGL029W	15
YGL030W	29204
YGL031C	970
YGL032C	1
YGL033W	1
YGL034C	16
YGL035C	1111
YGL036W	265
YGL037C	340
YGL038C	842
YGL039W	444
YGL040C	938
YGL041C	5
YGL041C-B	4
YGL041W-A	50
YGL042C	0
YGL043W	596
YGL044C	199
YGL045W	157
YGL047W	12
YGL048C	1200
YGL049C	420
YGL050W	88
YGL051W	0
YGL052W	0
YGL053W	66
YGL054C	1155
YGL055W	5479
YGL056C	1366
YGL057C	181
YGL058W	652
YGL059W	49
YGL060W	297
YGL061C	54
YGL062W	810
YGL063C-A	0
YGL063W	255
YGL064C	179
YGL065C	393
YGL066W	307
YGL067W	609
YGL068W	1555
YGL069C	6
YGL070C	466
YGL071W	469
YGL072C	53
YGL073W	425
YGL074C	0
YGL075C	20
YGL076C	3923
YGL077C	1921
YGL078C	496
YGL079W	190
YGL080W	101
YGL081W	3
YGL082W	176
YGL083W	707
YGL084C	685
YGL085W	82
YGL086W	91
YGL087C	231
YGL088W	0
YGL089C	2586
YGL090W	9
YGL091C	131
YGL092W	588
YGL093W	202
YGL094C	734
YGL095C	208
YGL096W	50
YGL097W	1271
YGL098W	67
YGL099W	646
YGL100W	403
YGL101W	137
YGL102C	0
YGL103W	44113
YGL104C	150
YGL105W	3674
YGL106W	738
YGL107C	182
YGL108C	35
YGL109W	0
YGL110C	149
YGL111W	521
YGL112C	385
YGL113W	278
YGL114W	874
YGL115W	403
YGL116W	223
YGL117W	33
YGL118C	1
YGL119W	93
YGL120C	1475
YGL121C	3
YGL122C	2154
YGL123C-A	0
YGL123W	23060
YGL124C	84
YGL125W	1385
YGL126W	257
YGL127C	421
YGL128C	158
YGL129C	444
YGL130W	262
YGL131C	149
YGL132W	1
YGL133W	189
YGL134W	58
YGL135W	81
YGL136C	192
YGL137W	963
YGL138C	4
YGL139W	1286
YGL140C	503
YGL141W	138
YGL142C	1295
YGL143C	99
YGL144C	66
YGL145W	225
YGL146C	20
YGL147C	775
YGL148W	1659
YGL149W	0
YGL150C	423
YGL151W	577
YGL152C	13
YGL153W	97
YGL154C	33
YGL155W	376
YGL156W	129
YGL157W	605
YGL158W	4
YGL159W	112
YGL160W	987
YGL161C	507
YGL162W	155
YGL163C	130
YGL164C	60
YGL165C	1
YGL166W	129
YGL167C	2057
YGL168W	8
YGL169W	807
YGL170C	0
YGL171W	266
YGL172W	533
YGL173C	1383
YGL174W	85
YGL175C	87
YGL176C	145
YGL177W	1
YGL178W	898
YGL179C	111
YGL180W	94
YGL181W	136
YGL182C	1
YGL183C	0
YGL184C	46
YGL185C	14
YGL186C	364
YGL187C	2142
YGL188C	55
YGL188C-A	0
YGL189C	2713
YGL190C	264
YGL191W	1546
YGL192W	0
YGL193C	787
YGL194C	46
YGL194C-A	23
YGL195W	3449
YGL196W	251
YGL197W	866
YGL198W	1751
YGL199C	8
YGL200C	2629
YGL201C	350
YGL202W	3538
YGL203C	251
YGL204C	156
YGL205W	4
YGL206C	2148
YGL207W	1104
YGL208W	153
YGL209W	335
YGL210W	125
YGL211W	242
YGL212W	98
YGL213C	468
YGL214W	0
YGL215W	6150
YGL216W	590
YGL217C	2
YGL218W	3
YGL219C	595
YGL220W	265
YGL221C	505
YGL222C	72
YGL223C	221
YGL224C	220
YGL225W	3923
YGL226C-A	373
YGL226W	138
YGL227W	70
YGL228W	393
YGL229C	77
YGL230C	0
YGL231C	321
YGL232W	156
YGL233W	324
YGL234W	4111
YGL235W	3
YGL236C	484
YGL237C	329
YGL238W	1486
YGL239C	0
YGL240W	31
YGL241W	216
YGL242C	138
YGL243W	107
YGL244W	185
YGL245W	2250
YGL246C	85
YGL247W	114
YGL248W	239
YGL249W	7
YGL250W	53
YGL251C	118
YGL252C	436
YGL253W	6071
YGL254W	200
YGL255W	590
YGL256W	586
YGL257C	219
YGL258W	3
YGL258W-A	2
YGL259W	4
YGL260W	0
YGL261C	0
YGL262W	0
YGL263W	0
YGR001C	487
YGR002C	338
YGR003W	109
YGR004W	136
YGR005C	95
YGR006W	106
YGR007W	344
YGR008C	21
YGR009C	146
YGR010W	226
YGR011W	14
YGR012W	278
YGR013W	65
YGR014W	5235
YGR015C	223
YGR016W	5
YGR017W	295
YGR018C	6
YGR019W	354
YGR020C	473
YGR021W	125
YGR022C	0
YGR023W	249
YGR024C	105
YGR025W	0
YGR026W	833
YGR027C	5530
YGR027W-A	0
YGR027W-B	0
YGR028W	87
YGR029W	161
YGR030C	25
YGR031C-A	2
YGR031W	364
YGR032W	851
YGR033C	163
YGR034W	3149
YGR035C	9
YGR035W-A	0
YGR036C	468
YGR037C	1560
YGR038C-A	0
YGR038C-B	0
YGR038W	316
YGR039W	14
YGR040W	477
YGR041W	504
YGR042W	303
YGR043C	34
YGR044C	412
YGR045C	6
YGR046W	389
YGR047C	135
YGR048W	205
YGR049W	933
YGR050C	12
YGR051C	0
YGR052W	20
YGR053C	5
YGR054W	2458
YGR055W	2807
YGR056W	813
YGR057C	81
YGR058W	236
YGR059W	1
YGR060W	9207
YGR061C	3501
YGR062C	235
YGR063C	183
YGR064W	35
YGR065C	867
YGR066C	10
YGR067C	37
YGR068C	408
YGR068W-A	0
YGR069W	0
YGR070W	101
YGR071C	173
YGR072W	38
YGR073C	30
YGR074W	411
YGR075C	11
YGR076C	210
YGR077C	974
YGR078C	219
YGR079W	656
YGR080W	719
YGR081C	28
YGR082W	2275
YGR083C	673
YGR084C	394
YGR085C	93
YGR086C	4578
YGR087C	5
YGR088W	99
YGR089W	503
YGR090W	1523
YGR091W	234
YGR092W	191
YGR093W	214
YGR094W	4081
YGR095C	589
YGR096W	333
YGR097W	927
YGR098C	327
YGR099W	102
YGR100W	177
YGR101W	205
YGR102C	42
YGR103W	538
YGR104C	133
YGR105W	34
YGR106C	867
YGR107W	7
YGR108W	144
YGR109C	160
YGR109W-A	0
YGR109W-B	3
YGR110W	108
YGR111W	98
YGR112W	96
YGR113W	221
YGR114C	0
YGR115C	0
YGR116W	823
YGR117C	323
YGR118W	191
YGR119C	561
YGR120C	67
YGR121C	125
YGR121W-A	8
YGR122C-A	1
YGR122W	65
YGR123C	416
YGR124W	5561
YGR125W	489
YGR126W	153
YGR127W	110
YGR128C	639
YGR129W	4
YGR130C	323
YGR131W	49
YGR132C	223
YGR133W	150
YGR134W	244
YGR135W	1070
YGR136W	584
YGR137W	255
YGR138C	175
YGR139W	1
YGR140W	273
YGR141W	83
YGR142W	229
YGR143W	226
YGR144W	25
YGR145W	114
YGR146C	96
YGR146C-A	6
YGR147C	258
YGR148C	269
YGR149W	312
YGR150C	128
YGR151C	0
YGR152C	30
YGR153W	3
YGR154C	218
YGR155W	3734
YGR156W	572
YGR157W	1074
YGR158C	533
YGR159C	3261
YGR160W	1
YGR161C	308
YGR161C-C	0
YGR161C-D	0
YGR161W-A	0
YGR161W-B	0
YGR161W-C	100
YGR162W	2447
YGR163W	177
YGR164W	0
YGR165W	290
YGR166W	206
YGR167W	385
YGR168C	65
YGR169C	174
YGR169C-A	22
YGR170W	394
YGR171C	162
YGR172C	791
YGR173W	207
YGR174C	102
YGR174W-A	2
YGR175C	2536
YGR176W	1
YGR177C	910
YGR178C	1349
YGR179C	138
YGR180C	2086
YGR181W	599
YGR182C	172
YGR183C	50
YGR184C	1017
YGR185C	3341
YGR186W	195
YGR187C	225
YGR188C	75
YGR189C	6256
YGR190C	3
YGR191W	1317
YGR192C	27771
YGR193C	566
YGR194C	83
YGR195W	414
YGR196C	137
YGR197C	473
YGR198W	698
YGR199W	563
YGR200C	260
YGR201C	91
YGR202C	607
YGR203W	29
YGR204C-A	1
YGR204W	6932
YGR205W	43
YGR206W	49
YGR207C	224
YGR208W	149
YGR209C	214
YGR210C	567
YGR211W	3335
YGR212W	115
YGR213C	8
YGR214W	6172
YGR215W	128
YGR216C	1134
YGR217W	303
YGR218W	1167
YGR219W	0
YGR220C	258
YGR221C	299
YGR222W	147
YGR223C	104
YGR224W	16
YGR225W	7
YGR226C	0
YGR227W	1783
YGR228W	0
YGR229C	1145
YGR230W	12
YGR231C	247
YGR232W	203
YGR233C	548
YGR234W	5526
YGR235C	188
YGR236C	3
YGR237C	131
YGR238C	162
YGR239C	277
YGR240C	8950
YGR240C-A	8
YGR241C	716
YGR242W	1
YGR243W	62
YGR244C	551
YGR245C	404
YGR246C	139
YGR247W	72
YGR248W	43
YGR249W	99
YGR250C	473
YGR251W	97
YGR252W	194
YGR253C	562
YGR254W	720
YGR255C	254
YGR256W	83
YGR257C	312
YGR258C	90
YGR259C	3
YGR260W	1698
YGR261C	263
YGR262C	128
YGR263C	110
YGR264C	1883
YGR265W	0
YGR266W	443
YGR267C	1026
YGR268C	644
YGR269W	1
YGR270C-A	0
YGR270W	958
YGR271C-A	80
YGR271W	346
YGR273C	1
YGR274C	103
YGR275W	219
YGR276C	191
YGR277C	176
YGR278W	99
YGR279C	30923
YGR280C	158
YGR281W	308
YGR282C	8661
YGR283C	166
YGR284C	566
YGR285C	6748
YGR286C	327
YGR287C	56
YGR288W	188
YGR289C	175
YGR290W	1
YGR291C	0
YGR292W	0
YGR293C	0
YGR294W	0
YGR295C	374
YGR296C-A	0
YGR296C-B	0
YGR296W	0
YHL001W	355
YHL002C-A	6
YHL002W	305
YHL003C	574
YHL004W	1285
YHL005C	4
YHL006C	40
YHL006W-A	5
YHL007C	830
YHL008C	140
YHL009C	156
YHL009W-A	0
YHL009W-B	0
YHL010C	35
YHL011C	1583
YHL012W	0
YHL013C	43
YHL014C	58
YHL015W	7177
YHL015W-A	0
YHL016C	176
YHL017W	319
YHL018W	22
YHL019C	101
YHL019W-A	4
YHL020C	334
YHL021C	366
YHL022C	32
YHL023C	410
YHL024W	94
YHL025W	188
YHL026C	351
YHL027W	672
YHL028W	196
YHL029C	525
YHL030W	902
YHL030W-A	0
YHL031C	391
YHL032C	681
YHL033C	480
YHL034C	1423
YHL034W-A	0
YHL035C	325
YHL036W	156
YHL037C	16
YHL038C	296
YHL039W	858
YHL040C	804
YHL041W	0
YHL042W	11
YHL043W	3
YHL044W	140
YHL045W	2
YHL046C	0
YHL046W-A	0
YHL047C	329
YHL048C-A	0
YHL048W	241
YHL049C	0
YHL050C	1
YHL050W-A	0
YHR001W	247
YHR001W-A	426
YHR002W	55
YHR003C	287
YHR004C	100
YHR005C	316
YHR005C-A	91
YHR006W	313
YHR007C	5428
YHR007C-A	19
YHR008C	828
YHR009C	1222
YHR010W	5628
YHR011W	62
YHR012W	71
YHR013C	624
YHR014W	16
YHR015W	12
YHR016C	212
YHR017W	428
YHR018C	344
YHR019C	9042
YHR020W	2279
YHR021C	3552
YHR021W-A	0
YHR022C	17
YHR022C-A	0
YHR023W	378
YHR024C	432
YHR025W	7954
YHR026W	1704
YHR027C	586
YHR028C	382
YHR028W-A	5
YHR029C	222
YHR030C	1127
YHR031C	112
YHR032C-A	0
YHR032W	718
YHR032W-A	79
YHR033W	418
YHR034C	170
YHR035W	45
YHR036W	292
YHR037W	1197
YHR038W	115
YHR039C	3364
YHR039C-A	699
YHR040W	142
YHR041C	984
YHR042W	6476
YHR043C	40
YHR044C	12
YHR045W	382
YHR046C	68
YHR047C	920
YHR048W	205
YHR049C-A	3
YHR049W	1732
YHR050W	567
YHR050W-A	7
YHR051W	657
YHR052W	1305
YHR052W-A	0
YHR053C	0
YHR054C	0
YHR054W-A	0
YHR055C	0
YHR056C	458
YHR056W-A	5
YHR057C	81
YHR058C	58
YHR059W	166
YHR060W	16
YHR061C	370
YHR062C	279
YHR063C	389
YHR063W-A	0
YHR064C	5713
YHR065C	767
YHR066W	50
YHR067W	89
YHR068W	1619
YHR069C	845
YHR069C-A	4
YHR070C-A	1
YHR070W	661
YHR071C-A	2
YHR071W	310
YHR072W	2580
YHR072W-A	312
YHR073C-B	0
YHR073W	848
YHR073W-A	0
YHR074W	1386
YHR075C	31
YHR076W	133
YHR077C	527
YHR078W	399
YHR079C	387
YHR079C-A	0
YHR080C	425
YHR081W	53
YHR082C	404
YHR083W	409
YHR084W	1289
YHR085W	64
YHR086W	325
YHR086W-A	0
YHR087W	8
YHR088W	253
YHR089C	628
YHR090C	108
YHR091C	290
YHR092C	303
YHR093W	1
YHR094C	1702
YHR095W	1
YHR096C	34
YHR097C	378
YHR098C	1258
YHR099W	1690
YHR100C	233
YHR101C	117
YHR102W	533
YHR103W	339
YHR104W	313
YHR105W	81
YHR106W	244
YHR107C	1822
YHR108W	2242
YHR109W	298
YHR110W	467
YHR111W	396
YHR112C	418
YHR113W	502
YHR114W	191
YHR115C	1013
YHR116W	205
YHR117W	796
YHR118C	144
YHR119W	397
YHR120W	116
YHR121W	150
YHR122W	213
YHR123W	724
YHR124W	8
YHR125W	0
YHR126C	0
YHR127W	289
YHR128W	2580
YHR129C	144
YHR130C	0
YHR131C	156
YHR131W-A	0
YHR132C	648
YHR132W-A	30
YHR133C	982
YHR134W	108
YHR135C	1700
YHR136C	44
YHR137C-A	0
YHR137W	3318
YHR138C	21
YHR139C	18
YHR139C-A	0
YHR140W	13
YHR141C	316
YHR142W	893
YHR143W	3918
YHR143W-A	295
YHR144C	143
YHR145C	0
YHR146W	619
YHR147C	112
YHR148W	570
YHR149C	750
YHR150W	206
YHR151C	417
YHR152W	53
YHR153C	52
YHR154W	422
YHR155W	336
YHR156C	16
YHR157W	17
YHR158C	629
YHR159W	92
YHR160C	1
YHR161C	291
YHR162W	540
YHR163W	1734
YHR164C	139
YHR165C	1359
YHR165W-A	1
YHR166C	111
YHR167W	45
YHR168W	93
YHR169W	732
YHR170W	850
YHR171W	53
YHR172W	127
YHR173C	2
YHR174W	49823
YHR175W	311
YHR175W-A	101
YHR176W	94
YHR177W	54
YHR178W	273
YHR179W	1833
YHR180C-B	0
YHR180W	58
YHR180W-A	0
YHR181W	269
YHR182C-A	1
YHR182W	222
YHR183W	12002
YHR184W	37
YHR185C	0
YHR186C	802
YHR187W	207
YHR188C	2332
YHR189W	160
YHR190W	2867
YHR191C	14
YHR192W	177
YHR193C	8059
YHR193C-A	7
YHR194W	211
YHR195W	197
YHR196W	194
YHR197W	357
YHR198C	459
YHR199C	1205
YHR199C-A	48
YHR200W	923
YHR201C	85
YHR202W	197
YHR203C	4024
YHR204W	1773
YHR205W	3100
YHR206W	1407
YHR207C	102
YHR208W	7641
YHR209W	111
YHR210C	70
YHR211W	41
YHR212C	0
YHR212W-A	0
YHR213W	0
YHR213W-A	0
YHR213W-B	0
YHR214C-B	0
YHR214C-C	0
YHR214C-D	0
YHR214C-E	0
YHR214W	0
YHR214W-A	0
YHR215W	3
YHR216W	69
YHR217C	0
YHR218W	0
YHR218W-A	0
YHR219C-A	0
YHR219W	0
YIL001W	100
YIL002C	229
YIL002W-A	179
YIL003W	91
YIL004C	57
YIL005W	588
YIL006W	239
YIL007C	80
YIL008W	82
YIL009C-A	119
YIL009W	667
YIL010W	174
YIL011W	490
YIL012W	0
YIL013C	340
YIL014C-A	33
YIL014W	122
YIL015W	17
YIL016W	262
YIL017C	115
YIL018W	5720
YIL019W	25
YIL020C	44
YIL020C-A	1
YIL021C-A	0
YIL021W	371
YIL022W	1222
YIL023C	1052
YIL024C	50
YIL025C	11
YIL026C	199
YIL027C	113
YIL028W	24
YIL029C	71
YIL029W-A	0
YIL030C	2098
YIL030W-A	10
YIL031W	303
YIL032C	0
YIL033C	1479
YIL034C	955
YIL035C	172
YIL036W	550
YIL037C	2
YIL038C	567
YIL039W	842
YIL040W	318
YIL041W	2235
YIL042C	233
YIL043C	2889
YIL044C	275
YIL045W	56
YIL046W	309
YIL046W-A	0
YIL047C	1458
YIL047C-A	80
YIL048W	593
YIL049W	243
YIL050W	245
YIL051C	6708
YIL052C	10812
YIL053W	7867
YIL054W	1
YIL055C	297
YIL056W	839
YIL057C	0
YIL058W	2
YIL059C	74
YIL060W	0
YIL061C	144
YIL062C	314
YIL063C	113
YIL064W	94
YIL065C	78
YIL066C	70
YIL066W-A	1
YIL067C	146
YIL068C	146
YIL068W-A	1
YIL069C	237
YIL070C	612
YIL071C	48
YIL071W-A	9
YIL072W	14
YIL073C	20
YIL074C	331
YIL075C	1714
YIL076W	337
YIL077C	117
YIL078W	3737
YIL079C	173
YIL080W	0
YIL082W	0
YIL082W-A	0
YIL083C	440
YIL084C	69
YIL085C	711
YIL086C	47
YIL087C	188
YIL088C	716
YIL089W	59
YIL090W	1204
YIL091C	403
YIL092W	102
YIL093C	142
YIL094C	1463
YIL095W	501
YIL096C	127
YIL097W	40
YIL098C	45
YIL099W	22
YIL100C-A	4
YIL100W	3
YIL101C	26
YIL102C	0
YIL102C-A	62
YIL103W	158
YIL104C	67
YIL105C	215
YIL105W-A	0
YIL106W	632
YIL107C	174
YIL108W	567
YIL109C	7109
YIL110W	270
YIL111W	10
YIL112W	142
YIL113W	29
YIL114C	321
YIL115C	645
YIL115W-A	0
YIL116W	538
YIL117C	719
YIL118W	155
YIL119C	112
YIL120W	60
YIL121W	47
YIL122W	115
YIL123W	10049
YIL124W	542
YIL125W	2027
YIL126W	439
YIL127C	80
YIL128W	506
YIL129C	372
YIL130W	1255
YIL131C	611
YIL132C	140
YIL133C	6184
YIL134C-A	3
YIL134W	194
YIL135C	1247
YIL136W	73
YIL137C	1038
YIL138C	56
YIL139C	39
YIL140W	2025
YIL141W	22
YIL142C-A	0
YIL142W	1135
YIL143C	411
YIL144W	77
YIL145C	304
YIL146C	243
YIL147C	421
YIL148W	1192
YIL149C	154
YIL150C	63
YIL151C	380
YIL152W	166
YIL153W	805
YIL154C	303
YIL155C	783
YIL156W	322
YIL156W-A	3
YIL156W-B	41
YIL157C	204
YIL158W	240
YIL159W	223
YIL160C	3
YIL161W	223
YIL162W	814
YIL163C	1
YIL164C	89
YIL165C	34
YIL166C	59
YIL167W	41
YIL168W	6
YIL169C	33
YIL170W	0
YIL171W	0
YIL171W-A	0
YIL172C	0
YIL173W	0
YIL174W	0
YIL175W	0
YIL176C	0
YIL177C	0
YIL177W-A	0
YIR001C	305
YIR002C	145
YIR003W	495
YIR004W	184
YIR005W	31
YIR006C	3360
YIR007W	203
YIR008C	386
YIR009W	16
YIR010W	334
YIR011C	320
YIR012W	1293
YIR013C	8
YIR014W	21
YIR015W	34
YIR016W	121
YIR017C	19
YIR017W-A	0
YIR018C-A	0
YIR018W	85
YIR019C	239
YIR020C	0
YIR020C-B	1
YIR020W-A	0
YIR021W	301
YIR021W-A	0
YIR022W	259
YIR023C-A	0
YIR023W	576
YIR024C	7
YIR025W	26
YIR026C	220
YIR027C	50
YIR028W	30
YIR029W	28
YIR030C	36
YIR030W-A	3
YIR031C	863
YIR032C	80
YIR033W	464
YIR034C	735
YIR035C	260
YIR036C	191
YIR036W-A	3
YIR037W	522
YIR038C	155
YIR039C	161
YIR040C	0
YIR041W	0
YIR042C	89
YIR043C	4
YIR044C	0
YJL001W	545
YJL002C	4973
YJL003W	23
YJL004C	37
YJL005W	591
YJL006C	65
YJL007C	0
YJL008C	1048
YJL009W	0
YJL010C	143
YJL011C	29
YJL012C	2514
YJL013C	127
YJL014W	839
YJL015C	0
YJL016W	338
YJL019W	227
YJL020C	733
YJL020W-A	0
YJL022W	0
YJL023C	88
YJL024C	188
YJL025W	238
YJL026C-A	1
YJL026W	3480
YJL027C	2
YJL028W	4
YJL029C	416
YJL030W	52
YJL031C	56
YJL032W	0
YJL033W	314
YJL034W	8710
YJL035C	50
YJL036W	109
YJL037W	3
YJL038C	0
YJL039C	1155
YJL041W	1080
YJL042W	604
YJL043W	20
YJL044C	270
YJL045W	3
YJL046W	64
YJL047C	205
YJL047C-A	5
YJL048C	447
YJL049W	47
YJL050W	641
YJL051W	411
YJL052C-A	2
YJL052W	31
YJL053W	277
YJL054W	646
YJL055W	96
YJL056C	532
YJL057C	155
YJL058C	187
YJL059W	154
YJL060W	698
YJL061W	280
YJL062W	910
YJL062W-A	426
YJL063C	903
YJL064W	0
YJL065C	978
YJL066C	165
YJL067W	0
YJL068C	306
YJL069C	684
YJL070C	88
YJL071W	151
YJL072C	188
YJL073W	248
YJL074C	145
YJL075C	0
YJL076W	1314
YJL077C	1
YJL077W-A	26
YJL077W-B	8
YJL078C	4013
YJL079C	3147
YJL080C	6126
YJL081C	352
YJL082W	273
YJL083W	205
YJL084C	595
YJL085W	186
YJL086C	0
YJL087C	99
YJL088W	1026
YJL089W	50
YJL090C	237
YJL091C	382
YJL092W	264
YJL093C	765
YJL094C	435
YJL095W	302
YJL096W	271
YJL097W	2102
YJL098W	430
YJL099W	290
YJL100W	735
YJL101C	1096
YJL102W	130
YJL103C	140
YJL104W	29
YJL105W	9
YJL106W	101
YJL107C	60
YJL108C	452
YJL109C	2746
YJL110C	789
YJL111W	801
YJL112W	196
YJL113W	1
YJL114W	0
YJL115W	632
YJL116C	85
YJL117W	1848
YJL118W	385
YJL119C	11
YJL120W	0
YJL121C	4087
YJL122W	300
YJL123C	173
YJL124C	885
YJL125C	523
YJL126W	91
YJL127C	123
YJL127C-B	50
YJL127W-A	0
YJL128C	837
YJL129C	575
YJL130C	5498
YJL131C	51
YJL132W	128
YJL133C-A	239
YJL133W	611
YJL134W	744
YJL135W	0
YJL136C	412
YJL136W-A	0
YJL137C	72
YJL138C	90
YJL139C	147
YJL140W	131
YJL141C	377
YJL142C	13
YJL143W	427
YJL144W	5
YJL145W	244
YJL146W	225
YJL147C	67
YJL148W	321
YJL149W	407
YJL150W	1
YJL151C	1251
YJL152W	2
YJL153C	103
YJL154C	999
YJL155C	93
YJL156C	349
YJL156W-A	0
YJL157C	675
YJL158C	13727
YJL159W	19050
YJL160C	2
YJL161W	45
YJL162C	114
YJL163C	68
YJL164C	124
YJL165C	268
YJL166W	162
YJL167W	2548
YJL168C	293
YJL169W	0
YJL170C	4
YJL171C	564
YJL172W	1007
YJL173C	486
YJL174W	1360
YJL175W	1
YJL176C	305
YJL177W	4342
YJL178C	260
YJL179W	9
YJL180C	355
YJL181W	188
YJL182C	0
YJL183W	745
YJL184W	114
YJL185C	134
YJL186W	1347
YJL187C	376
YJL188C	0
YJL189W	228
YJL190C	3520
YJL191W	1455
YJL192C	711
YJL193W	473
YJL194W	336
YJL195C	2
YJL196C	748
YJL197C-A	0
YJL197W	454
YJL198W	1631
YJL199C	9
YJL200C	1281
YJL201W	516
YJL202C	0
YJL203W	114
YJL204C	127
YJL205C	47
YJL206C	152
YJL207C	435
YJL208C	417
YJL209W	329
YJL210W	333
YJL211C	11
YJL212C	1773
YJL213W	89
YJL214W	7
YJL215C	17
YJL216C	31
YJL217W	140
YJL218W	59
YJL219W	1
YJL220W	0
YJL221C	0
YJL222W	1
YJL222W-A	0
YJL222W-B	0
YJL223C	0
YJL225C	0
YJL225W-A	0
YJR001W	1722
YJR002W	539
YJR003C	158
YJR004C	2945
YJR005C-A	0
YJR005W	554
YJR006W	473
YJR007W	1646
YJR008W	43
YJR009C	7044
YJR010C-A	76
YJR010W	434
YJR011C	42
YJR012C	41
YJR013W	139
YJR014W	232
YJR015W	1901
YJR016C	12024
YJR017C	693
YJR018W	11
YJR019C	333
YJR020W	18
YJR021C	177
YJR022W	41
YJR023C	0
YJR024C	963
YJR025C	134
YJR026W	0
YJR027W	0
YJR028W	0
YJR029W	0
YJR030C	416
YJR031C	192
YJR032W	184
YJR033C	306
YJR034W	24
YJR035W	75
YJR036C	17
YJR037W	0
YJR038C	3
YJR039W	111
YJR040W	193
YJR041C	651
YJR042W	400
YJR043C	199
YJR044C	593
YJR045C	20070
YJR046W	623
YJR047C	8
YJR048W	6048
YJR049C	232
YJR050W	37
YJR051W	68
YJR052W	121
YJR053W	72
YJR054W	118
YJR055W	9
YJR056C	100
YJR057W	59
YJR058C	35
YJR059W	917
YJR060W	328
YJR061W	123
YJR062C	516
YJR063W	171
YJR064W	1430
YJR065C	2034
YJR066W	738
YJR067C	9
YJR068W	431
YJR069C	217
YJR070C	2781
YJR071W	0
YJR072C	521
YJR073C	342
YJR074W	248
YJR075W	1420
YJR076C	532
YJR077C	11384
YJR078W	29
YJR079W	13
YJR080C	264
YJR082C	123
YJR083C	136
YJR084W	155
YJR085C	1594
YJR086W	54
YJR087W	35
YJR088C	72
YJR089W	91
YJR090C	580
YJR091C	1344
YJR092W	585
YJR093C	457
YJR094C	55
YJR094W-A	315
YJR095W	0
YJR096W	104
YJR097W	33
YJR098C	55
YJR099W	127
YJR100C	110
YJR101W	162
YJR102C	76
YJR103W	471
YJR104C	1775
YJR105W	3217
YJR106W	290
YJR107W	54
YJR108W	1
YJR109C	627
YJR110W	103
YJR111C	309
YJR112W	106
YJR112W-A	19
YJR113C	560
YJR114W	3
YJR115W	114
YJR116W	453
YJR117W	3182
YJR118C	286
YJR119C	55
YJR120W	7
YJR121W	15721
YJR122W	199
YJR123W	25191
YJR124C	443
YJR125C	390
YJR126C	397
YJR127C	473
YJR128W	5
YJR129C	80
YJR130C	141
YJR131W	164
YJR132W	774
YJR133W	249
YJR134C	128
YJR135C	33
YJR135W-A	205
YJR136C	103
YJR137C	549
YJR138W	207
YJR139C	1389
YJR140C	180
YJR140W-A	0
YJR141W	47
YJR142W	102
YJR143C	3998
YJR144W	568
YJR145C	1367
YJR146W	3
YJR147W	932
YJR148W	2288
YJR149W	195
YJR150C	1
YJR151C	212
YJR151W-A	0
YJR152W	135
YJR153W	2
YJR154W	36
YJR155W	18
YJR156C	1
YJR157W	0
YJR158W	0
YJR159W	0
YJR160C	0
YJR161C	0
YJR162C	0
YKL001C	87
YKL002W	136
YKL003C	115
YKL004W	3579
YKL005C	185
YKL006C-A	48
YKL006W	948
YKL007W	358
YKL008C	804
YKL009W	390
YKL010C	449
YKL011C	52
YKL012W	257
YKL013C	586
YKL014C	679
YKL015W	240
YKL016C	1267
YKL017C	195
YKL018C-A	2
YKL018W	296
YKL019W	992
YKL020C	1532
YKL021C	440
YKL022C	201
YKL023C-A	200
YKL023W	125
YKL024C	1158
YKL025C	649
YKL026C	15
YKL027W	252
YKL028W	187
YKL029C	3846
YKL030W	0
YKL031W	7
YKL032C	1398
YKL033W	132
YKL033W-A	371
YKL034W	536
YKL035W	1501
YKL036C	1
YKL037W	1
YKL038W	777
YKL039W	1034
YKL040C	103
YKL041W	25
YKL042W	211
YKL043W	844
YKL044W	202
YKL045W	177
YKL046C	957
YKL047W	141
YKL048C	89
YKL049C	14
YKL050C	87
YKL051W	1145
YKL052C	187
YKL053C-A	66
YKL053W	9
YKL054C	1130
YKL055C	70
YKL056C	4585
YKL057C	630
YKL058W	364
YKL059C	352
YKL060C	85451
YKL061W	26
YKL062W	0
YKL063C	275
YKL064W	348
YKL065C	255
YKL065W-A	0
YKL066W	59
YKL067W	137
YKL068W	1574
YKL068W-A	9
YKL069W	184
YKL070W	3
YKL071W	13
YKL072W	102
YKL073W	656
YKL074C	226
YKL075C	63
YKL076C	4
YKL077W	948
YKL078W	336
YKL079W	110
YKL080W	3159
YKL081W	17546
YKL082C	189
YKL083W	0
YKL084W	202
YKL085W	1212
YKL086W	13
YKL087C	210
YKL088W	230
YKL089W	74
YKL090W	365
YKL091C	203
YKL092C	159
YKL093W	53
YKL094W	432
YKL095W	164
YKL096C-B	0
YKL096W	2218
YKL096W-A	15155
YKL097C	0
YKL098W	299
YKL099C	111
YKL100C	738
YKL100W-A	1
YKL101W	911
YKL102C	0
YKL103C	189
YKL104C	3350
YKL105C	140
YKL106C-A	0
YKL106W	512
YKL107W	5
YKL108W	205
YKL109W	549
YKL110C	414
YKL111C	0
YKL112W	1034
YKL113C	141
YKL114C	123
YKL115C	2
YKL116C	826
YKL117W	835
YKL118W	0
YKL119C	59
YKL120W	1754
YKL121W	247
YKL122C	317
YKL123W	23
YKL124W	129
YKL125W	250
YKL126W	783
YKL127W	1035
YKL128C	266
YKL129C	206
YKL130C	415
YKL131W	2
YKL132C	66
YKL133C	10
YKL134C	145
YKL135C	634
YKL136W	1
YKL137W	33
YKL138C	372
YKL138C-A	2
YKL139W	136
YKL140W	496
YKL141W	594
YKL142W	166
YKL143W	144
YKL144C	184
YKL145W	1460
YKL145W-A	0
YKL146W	1319
YKL147C	1
YKL148C	1767
YKL149C	131
YKL150W	658
YKL151C	42
YKL152C	20869
YKL153W	0
YKL154W	115
YKL155C	203
YKL156C-A	0
YKL156W	854
YKL157W	925
YKL159C	102
YKL160W	74
YKL161C	140
YKL162C	45
YKL162C-A	19
YKL163W	161
YKL164C	9920
YKL165C	647
YKL165C-A	0
YKL166C	192
YKL167C	118
YKL168C	318
YKL169C	13
YKL170W	217
YKL171W	135
YKL172W	161
YKL173W	189
YKL174C	285
YKL175W	1768
YKL176C	1271
YKL177W	0
YKL178C	2534
YKL179C	138
YKL180W	5709
YKL181W	1869
YKL182W	23710
YKL183C-A	1
YKL183W	221
YKL184W	1687
YKL185W	1621
YKL186C	661
YKL187C	426
YKL188C	181
YKL189W	212
YKL190W	43
YKL191W	1064
YKL192C	2100
YKL193C	178
YKL194C	184
YKL195W	441
YKL196C	217
YKL197C	129
YKL198C	1242
YKL201C	317
YKL202W	0
YKL203C	473
YKL204W	818
YKL205W	795
YKL206C	159
YKL207W	639
YKL208W	54
YKL209C	97
YKL210W	1613
YKL211C	1403
YKL212W	1131
YKL213C	306
YKL214C	288
YKL215C	322
YKL216W	896
YKL217W	91
YKL218C	100
YKL219W	144
YKL220C	52
YKL221W	12
YKL222C	300
YKL223W	0
YKL224C	0
YKL225W	0
YKR001C	1150
YKR002W	214
YKR003W	325
YKR004C	66
YKR005C	88
YKR006C	200
YKR007W	97
YKR008W	483
YKR009C	193
YKR010C	283
YKR011C	35
YKR012C	10
YKR013W	5236
YKR014C	240
YKR015C	7
YKR016W	215
YKR017C	66
YKR018C	336
YKR019C	132
YKR020W	34
YKR021W	987
YKR022C	115
YKR023W	16
YKR024C	403
YKR025W	185
YKR026C	643
YKR027W	357
YKR028W	462
YKR029C	174
YKR030W	446
YKR031C	362
YKR032W	0
YKR033C	3
YKR034W	25
YKR035C	15
YKR035W-A	39
YKR036C	179
YKR037C	67
YKR038C	892
YKR039W	1851
YKR040C	0
YKR041W	18
YKR042W	16581
YKR043C	1985
YKR044W	299
YKR045C	198
YKR046C	2433
YKR047W	25
YKR048C	1881
YKR049C	85
YKR050W	514
YKR051W	114
YKR052C	165
YKR053C	71
YKR054C	317
YKR055W	79
YKR056W	645
YKR057W	420
YKR058W	176
YKR059W	8
YKR060W	188
YKR061W	69
YKR062W	303
YKR063C	43
YKR064W	151
YKR065C	1020
YKR066C	831
YKR067W	711
YKR068C	125
YKR069W	178
YKR070W	207
YKR071C	889
YKR072C	613
YKR073C	2
YKR074W	324
YKR075C	37
YKR075W-A	1
YKR076W	76
YKR077W	553
YKR078W	63
YKR079C	387
YKR080W	306
YKR081C	307
YKR082W	691
YKR083C	19
YKR084C	109
YKR085C	456
YKR086W	289
YKR087C	171
YKR088C	217
YKR089C	370
YKR090W	285
YKR091W	449
YKR092C	1902
YKR093W	3357
YKR094C	1842
YKR095W	213
YKR095W-A	92
YKR096W	544
YKR097W	105
YKR098C	256
YKR099W	269
YKR100C	408
YKR101W	56
YKR102W	287
YKR103W	190
YKR104W	72
YKR105C	0
YKR106W	0
YLL001W	446
YLL002W	225
YLL003W	162
YLL004W	167
YLL005C	5
YLL006W	290
YLL006W-A	0
YLL007C	139
YLL008W	589
YLL009C	24
YLL010C	202
YLL011W	381
YLL012W	911
YLL013C	245
YLL014W	76
YLL015W	276
YLL016W	189
YLL017W	2
YLL018C	4697
YLL018C-A	280
YLL019C	1091
YLL019W-A	0
YLL020C	21
YLL021W	645
YLL022C	145
YLL023C	2358
YLL024C	4752
YLL025W	2
YLL026W	678
YLL027W	457
YLL028W	1860
YLL029W	922
YLL030C	0
YLL031C	1667
YLL032C	242
YLL033W	97
YLL034C	556
YLL035W	512
YLL036C	291
YLL037W	1
YLL038C	158
YLL039C	223
YLL040C	830
YLL041C	749
YLL042C	24
YLL043W	489
YLL044W	0
YLL045C	1913
YLL046C	2
YLL047W	0
YLL048C	1841
YLL049W	49
YLL050C	1134
YLL051C	813
YLL052C	128
YLL053C	154
YLL054C	188
YLL055W	111
YLL056C	45
YLL057C	55
YLL058W	234
YLL059C	10
YLL060C	160
YLL061W	592
YLL062C	265
YLL063C	292
YLL064C	0
YLL065W	0
YLL066C	0
YLL066W-A	0
YLL066W-B	0
YLL067C	0
YLL067W-A	0
YLR001C	303
YLR002C	455
YLR003C	90
YLR004C	102
YLR005W	259
YLR006C	352
YLR007W	130
YLR008C	499
YLR009W	836
YLR010C	24
YLR011W	37
YLR012C	0
YLR013W	0
YLR014C	189
YLR015W	45
YLR016C	297
YLR017W	1348
YLR018C	362
YLR019W	753
YLR020C	322
YLR021W	60
YLR022C	327
YLR023C	631
YLR024C	236
YLR025W	26
YLR026C	258
YLR027C	8622
YLR028C	1145
YLR029C	2466
YLR030W	15
YLR031W	8
YLR032W	212
YLR033W	108
YLR034C	875
YLR035C	59
YLR035C-A	0
YLR036C	68
YLR037C	1
YLR038C	127
YLR039C	288
YLR040C	5650
YLR041W	0
YLR042C	100
YLR043C	760
YLR044C	194695
YLR045C	221
YLR046C	274
YLR047C	195
YLR048W	5206
YLR049C	511
YLR050C	544
YLR051C	33
YLR052W	212
YLR053C	0
YLR054C	6
YLR055C	265
YLR056W	6195
YLR057W	382
YLR058C	5232
YLR059C	673
YLR060W	4748
YLR061W	7571
YLR062C	0
YLR063W	182
YLR064W	520
YLR065C	260
YLR066W	221
YLR067C	287
YLR068W	5
YLR069C	351
YLR070C	21
YLR071C	719
YLR072W	204
YLR073C	1845
YLR074C	170
YLR075W	13878
YLR076C	0
YLR077W	130
YLR078C	195
YLR079W	588
YLR080W	1
YLR081W	5
YLR082C	58
YLR083C	2347
YLR084C	1047
YLR085C	236
YLR086W	125
YLR087C	354
YLR088W	195
YLR089C	1983
YLR090W	412
YLR091W	207
YLR092W	45
YLR093C	505
YLR094C	437
YLR095C	381
YLR096W	1312
YLR097C	83
YLR098C	364
YLR099C	464
YLR099W-A	90
YLR100W	1230
YLR101C	1
YLR102C	68
YLR103C	106
YLR104W	168
YLR105C	181
YLR106C	2131
YLR107W	73
YLR108C	303
YLR109W	7894
YLR110C	62236
YLR111W	0
YLR112W	164
YLR113W	1057
YLR114C	327
YLR115W	306
YLR116W	556
YLR117C	227
YLR118C	185
YLR119W	17
YLR120C	969
YLR120W-A	0
YLR121C	781
YLR122C	26
YLR123C	6
YLR124W	0
YLR125W	40
YLR126C	34
YLR127C	516
YLR128W	164
YLR129W	312
YLR130C	1874
YLR131C	669
YLR132C	200
YLR133W	246
YLR134W	203
YLR135W	96
YLR136C	19
YLR137W	243
YLR138W	462
YLR139C	782
YLR140W	0
YLR141W	126
YLR142W	227
YLR143W	189
YLR144C	333
YLR145W	4
YLR146C	534
YLR146W-A	139
YLR147C	188
YLR148W	118
YLR149C	63
YLR149C-A	0
YLR150W	15477
YLR151C	10
YLR152C	223
YLR153C	8586
YLR154C	164
YLR154C-G	0
YLR154C-H	0
YLR154W-A	0
YLR154W-B	0
YLR154W-C	0
YLR154W-E	0
YLR154W-F	0
YLR155C	0
YLR156C-A	0
YLR156W	0
YLR157C	0
YLR157C-A	0
YLR157C-B	0
YLR157C-C	0
YLR157W-D	0
YLR157W-E	0
YLR158C	0
YLR159C-A	0
YLR159W	0
YLR160C	0
YLR161W	0
YLR162W	2
YLR162W-A	0
YLR163C	306
YLR163W-A	0
YLR164W	172
YLR165C	47
YLR166C	73
YLR167W	8379
YLR168C	215
YLR169W	0
YLR170C	41
YLR171W	0
YLR172C	791
YLR173W	135
YLR174W	51
YLR175W	1822
YLR176C	310
YLR177W	357
YLR178C	338
YLR179C	2183
YLR180W	9186
YLR181C	128
YLR182W	296
YLR183C	373
YLR184W	0
YLR185W	2569
YLR186W	2228
YLR187W	571
YLR188W	219
YLR189C	129
YLR190W	942
YLR191W	102
YLR192C	1229
YLR193C	303
YLR194C	1440
YLR195C	262
YLR196W	708
YLR197W	2398
YLR198C	0
YLR199C	410
YLR200W	18
YLR201C	277
YLR202C	30
YLR203C	1372
YLR204W	110
YLR205C	481
YLR206W	1610
YLR207W	275
YLR208W	2169
YLR209C	1107
YLR210W	135
YLR211C	32
YLR212C	379
YLR213C	266
YLR214W	1979
YLR215C	207
YLR216C	1083
YLR217W	1
YLR218C	13
YLR219W	1036
YLR220W	210
YLR221C	121
YLR222C	685
YLR222C-A	19
YLR223C	227
YLR224W	812
YLR225C	226
YLR226W	64
YLR227C	116
YLR227W-A	0
YLR227W-B	0
YLR228C	428
YLR229C	1424
YLR230W	0
YLR231C	295
YLR232W	2
YLR233C	99
YLR234W	81
YLR235C	0
YLR236C	2
YLR237W	343
YLR238W	85
YLR239C	128
YLR240W	290
YLR241W	309
YLR242C	131
YLR243W	407
YLR244C	2819
YLR245C	82
YLR246W	137
YLR247C	371
YLR248W	697
YLR249W	41607
YLR250W	125
YLR251W	12
YLR252W	3
YLR253W	386
YLR254C	49
YLR255C	4
YLR256W	602
YLR256W-A	0
YLR257W	655
YLR258W	206
YLR259C	2726
YLR260W	161
YLR261C	4
YLR262C	52
YLR262C-A	284
YLR263W	159
YLR264C-A	0
YLR264W	2791
YLR265C	80
YLR266C	493
YLR267W	22
YLR268W	1024
YLR269C	0
YLR270W	285
YLR271W	8
YLR272C	102
YLR273C	123
YLR274W	354
YLR275W	164
YLR276C	234
YLR277C	286
YLR278C	526
YLR279W	0
YLR280C	0
YLR281C	2
YLR282C	0
YLR283W	25
YLR284C	28
YLR285C-A	185
YLR285W	92
YLR286C	9756
YLR286W-A	4
YLR287C	163
YLR287C-A	305
YLR288C	122
YLR289W	72
YLR290C	196
YLR291C	1113
YLR292C	48
YLR293C	5030
YLR294C	621
YLR295C	388
YLR296W	2
YLR297W	20
YLR298C	85
YLR299C-A	0
YLR299W	866
YLR300W	5166
YLR301W	328
YLR302C	0
YLR303W	4613
YLR304C	6078
YLR305C	1488
YLR306W	60
YLR307C-A	1
YLR307W	13
YLR308W	3
YLR309C	63
YLR310C	698
YLR311C	0
YLR312C	6
YLR312W-A	264
YLR313C	162
YLR314C	1032
YLR315W	104
YLR316C	219
YLR317W	228
YLR318W	162
YLR319C	116
YLR320W	208
YLR321C	240
YLR322W	4
YLR323C	38
YLR324W	166
YLR325C	677
YLR326W	43
YLR327C	6
YLR328W	531
YLR329W	11
YLR330W	1658
YLR331C	0
YLR332W	834
YLR333C	1092
YLR334C	0
YLR335W	1493
YLR336C	185
YLR337C	1539
YLR338W	8
YLR339C	0
YLR340W	14831
YLR341W	2
YLR342W	19423
YLR342W-A	35
YLR343W	76
YLR344W	4230
YLR345W	104
YLR346C	2
YLR347C	1934
YLR347W-A	0
YLR348C	554
YLR349W	10
YLR350W	525
YLR351C	731
YLR352W	258
YLR353W	177
YLR354C	5495
YLR355C	34177
YLR356W	415
YLR357W	639
YLR358C	0
YLR359W	1115
YLR360W	66
YLR361C	280
YLR361C-A	43
YLR362W	57
YLR363C	72
YLR363W-A	378
YLR364C-A	0
YLR364W	51
YLR365W	6
YLR366W	0
YLR367W	49
YLR368W	120
YLR369W	141
YLR370C	1029
YLR371W	268
YLR372W	3581
YLR373C	367
YLR374C	8
YLR375W	1404
YLR376C	19
YLR377C	3
YLR378C	8424
YLR379W	0
YLR380W	1986
YLR381W	492
YLR382C	321
YLR383W	67
YLR384C	922
YLR385C	62
YLR386W	286
YLR387C	301
YLR388W	539
YLR389C	921
YLR390W	115
YLR390W-A	10729
YLR392C	159
YLR393W	41
YLR394W	195
YLR395C	140
YLR396C	132
YLR397C	545
YLR398C	429
YLR399C	1236
YLR399W-A	0
YLR400W	0
YLR401C	261
YLR402W	33
YLR403W	770
YLR404W	295
YLR405W	309
YLR406C	1320
YLR406C-A	0
YLR407W	259
YLR408C	32
YLR409C	513
YLR410W	809
YLR410W-A	0
YLR410W-B	0
YLR411W	11
YLR412C-A	0
YLR412W	280
YLR413W	10455
YLR414C	594
YLR415C	11
YLR416C	6
YLR417W	128
YLR418C	245
YLR419W	273
YLR420W	219
YLR421C	202
YLR422W	472
YLR423C	8
YLR424W	36
YLR425W	153
YLR426W	525
YLR427W	366
YLR428C	2
YLR429W	1197
YLR430W	903
YLR431C	59
YLR432W	1754
YLR433C	277
YLR434C	2
YLR435W	60
YLR436C	737
YLR437C	177
YLR437C-A	4
YLR438C-A	87
YLR438W	299
YLR439W	566
YLR440C	169
YLR441C	3443
YLR442C	162
YLR443W	268
YLR444C	1
YLR445W	0
YLR446W	95
YLR447C	1607
YLR448W	6906
YLR449W	994
YLR450W	469
YLR451W	389
YLR452C	940
YLR453C	31
YLR454W	802
YLR455W	148
YLR456W	14
YLR457C	72
YLR458W	0
YLR459W	522
YLR460C	30
YLR461W	0
YLR462W	0
YLR463C	0
YLR464W	0
YLR465C	0
YLR466C-A	0
YLR466C-B	0
YLR466W	0
YLR467C-A	0
YLR467W	0
YML001W	303
YML002W	74
YML003W	50
YML004C	1049
YML005W	172
YML006C	402
YML007C-A	4
YML007W	612
YML008C	2013
YML009C	60
YML009C-A	0
YML009W-B	9
YML010W	606
YML011C	77
YML012C-A	0
YML012W	253
YML013W	496
YML014W	254
YML015C	111
YML016C	829
YML017W	334
YML018C	659
YML019W	921
YML020W	109
YML021C	159
YML022W	3308
YML023C	402
YML024W	282
YML025C	828
YML026C	1763
YML027W	555
YML028W	11456
YML029W	469
YML030W	90
YML031C-A	0
YML031W	1240
YML032C	335
YML034C-A	1
YML034W	354
YML035C	838
YML036W	544
YML037C	38
YML038C	407
YML039W	0
YML040W	0
YML041C	110
YML042W	124
YML043C	136
YML045W	0
YML045W-A	0
YML046W	291
YML047C	2
YML047W-A	18
YML048W	5671
YML049C	692
YML050W	52
YML051W	1182
YML052W	4043
YML053C	235
YML054C	68
YML054C-A	0
YML055W	83
YML056C	4148
YML057C-A	3
YML057W	1574
YML058W	3927
YML058W-A	5
YML059C	1156
YML060W	229
YML061C	202
YML062C	43
YML063W	2188
YML064C	139
YML065W	54
YML066C	0
YML067C	264
YML068W	52
YML069W	243
YML070W	467
YML071C	91
YML072C	2465
YML073C	6608
YML074C	1198
YML075C	4425
YML076C	340
YML077W	99
YML078W	1176
YML079W	572
YML080W	331
YML081C-A	206
YML081W	801
YML082W	502
YML083C	6
YML084W	1
YML085C	1261
YML086C	1738
YML087C	37
YML088W	134
YML089C	1
YML090W	0
YML091C	999
YML092C	2025
YML093W	325
YML094C-A	0
YML094W	526
YML095C	22
YML096W	354
YML097C	278
YML098W	161
YML099C	370
YML099W-A	0
YML100W	236
YML100W-A	2
YML101C	211
YML101C-A	26
YML102W	180
YML103C	862
YML104C	349
YML105C	352
YML106W	1876
YML107C	62
YML108W	37
YML109W	176
YML110C	724
YML111W	664
YML112W	298
YML113W	333
YML114C	348
YML115C	543
YML116W	257
YML116W-A	72
YML117W	481
YML118W	21
YML119W	191
YML120C	717
YML121W	286
YML122C	19
YML123C	4261
YML124C	877
YML125C	1074
YML126C	8620
YML127W	1129
YML128C	136
YML129C	18
YML130C	464
YML131W	250
YML132W	0
YML133C	0
YML133W-A	0
YML133W-B	0
YMR001C	470
YMR001C-A	1
YMR002W	4335
YMR003W	142
YMR004W	210
YMR005W	415
YMR006C	1805
YMR007W	1
YMR008C	1911
YMR009W	232
YMR010W	829
YMR011W	5165
YMR012W	2548
YMR013C	154
YMR013C-A	0
YMR013W-A	0
YMR014W	63
YMR015C	5011
YMR016C	583
YMR017W	2
YMR018W	22
YMR019W	304
YMR020W	93
YMR021C	180
YMR022W	458
YMR023C	57
YMR024W	480
YMR025W	30
YMR026C	232
YMR027W	572
YMR028W	22
YMR029C	121
YMR030W	41
YMR030W-A	3
YMR031C	182
YMR031W-A	0
YMR032W	115
YMR033W	356
YMR034C	33
YMR035W	185
YMR036C	231
YMR037C	0
YMR038C	828
YMR039C	201
YMR040W	11
YMR041C	100
YMR042W	239
YMR043W	596
YMR044W	74
YMR045C	2
YMR046C	0
YMR046W-A	0
YMR047C	1114
YMR048W	33
YMR049C	738
YMR050C	0
YMR051C	0
YMR052C-A	2
YMR052W	53
YMR053C	18
YMR054W	655
YMR055C	188
YMR056C	25
YMR057C	2
YMR058W	7392
YMR059W	125
YMR060C	87
YMR061W	433
YMR062C	297
YMR063W	320
YMR064W	713
YMR065W	69
YMR066W	101
YMR067C	664
YMR068W	120
YMR069W	23
YMR070W	844
YMR071C	106
YMR072W	1558
YMR073C	92
YMR074C	181
YMR075C-A	0
YMR075W	237
YMR076C	449
YMR077C	19
YMR078C	373
YMR079W	4873
YMR080C	1240
YMR081C	33
YMR082C	0
YMR083W	1198
YMR084W	22
YMR085W	52
YMR086C-A	3
YMR086W	987
YMR087W	91
YMR088C	527
YMR089C	538
YMR090W	70
YMR091C	311
YMR092C	420
YMR093W	1249
YMR094W	35
YMR095C	33
YMR096W	46
YMR097C	162
YMR098C	161
YMR099C	774
YMR100W	202
YMR101C	2
YMR102C	515
YMR103C	58
YMR104C	118
YMR105C	66
YMR105W-A	0
YMR106C	68
YMR107W	0
YMR108W	5371
YMR109W	1570
YMR110C	512
YMR111C	153
YMR112C	111
YMR113W	123
YMR114C	121
YMR115W	78
YMR116C	21865
YMR117C	32
YMR118C	2
YMR119W	255
YMR119W-A	21
YMR120C	353
YMR121C	67
YMR122C	3
YMR122W-A	4023
YMR123W	745
YMR124W	634
YMR125W	1532
YMR126C	241
YMR127C	86
YMR128W	517
YMR129W	1145
YMR130W	469
YMR131C	1451
YMR132C	13
YMR133W	0
YMR134W	202
YMR135C	146
YMR135W-A	0
YMR136W	430
YMR137C	54
YMR138W	9
YMR139W	344
YMR140W	232
YMR141C	0
YMR141W-A	0
YMR142C	1265
YMR143W	6600
YMR144W	91
YMR145C	11445
YMR146C	4765
YMR147W	85
YMR148W	246
YMR149W	2144
YMR150C	51
YMR151W	1
YMR152W	423
YMR153C-A	3
YMR153W	337
YMR154C	213
YMR155W	184
YMR156C	58
YMR157C	140
YMR158C-A	1
YMR158W	82
YMR158W-B	0
YMR159C	7
YMR160W	123
YMR161W	177
YMR162C	477
YMR163C	218
YMR164C	168
YMR165C	336
YMR166C	168
YMR167W	154
YMR168C	181
YMR169C	14
YMR170C	37
YMR171C	699
YMR172C-A	0
YMR172W	197
YMR173W	6
YMR173W-A	1
YMR174C	0
YMR175W	2
YMR175W-A	0
YMR176W	380
YMR177W	139
YMR178W	292
YMR179W	237
YMR180C	439
YMR181C	350
YMR182C	369
YMR182W-A	2
YMR183C	710
YMR184W	213
YMR185W	200
YMR186W	6745
YMR187C	80
YMR188C	40
YMR189W	2125
YMR190C	216
YMR191W	503
YMR192W	500
YMR193C-A	0
YMR193W	60
YMR194C-A	18
YMR194C-B	11
YMR194W	511
YMR195W	52
YMR196W	333
YMR197C	343
YMR198W	58
YMR199W	764
YMR200W	1559
YMR201C	166
YMR202W	4229
YMR203W	6632
YMR204C	88
YMR205C	10555
YMR206W	1
YMR207C	333
YMR208W	1170
YMR209C	495
YMR210W	85
YMR211W	174
YMR212C	280
YMR213W	145
YMR214W	377
YMR215W	1750
YMR216C	381
YMR217W	9234
YMR218C	106
YMR219W	398
YMR220W	860
YMR221C	1595
YMR222C	540
YMR223W	192
YMR224C	217
YMR225C	29
YMR226C	1367
YMR227C	86
YMR228W	173
YMR229C	1403
YMR230W	43
YMR230W-A	5
YMR231W	335
YMR232W	28
YMR233W	98
YMR234W	85
YMR235C	877
YMR236W	225
YMR237W	818
YMR238W	223
YMR239C	77
YMR240C	104
YMR241W	561
YMR242C	2595
YMR242W-A	0
YMR243C	2431
YMR244C-A	79
YMR244W	11
YMR245W	11
YMR246W	2522
YMR247C	411
YMR247W-A	0
YMR250W	68
YMR251W	10
YMR251W-A	28
YMR252C	55
YMR253C	152
YMR254C	2
YMR255W	74
YMR256C	166
YMR257C	197
YMR258C	399
YMR259C	381
YMR260C	478
YMR261C	856
YMR262W	120
YMR263W	318
YMR264W	479
YMR265C	372
YMR266W	2443
YMR267W	112
YMR268C	120
YMR269W	9
YMR270C	259
YMR271C	72
YMR272C	2977
YMR272W-A	0
YMR272W-B	0
YMR273C	246
YMR274C	143
YMR275C	539
YMR276W	1835
YMR277W	908
YMR278W	248
YMR279C	2
YMR280C	24
YMR281W	358
YMR282C	115
YMR283C	130
YMR284W	16
YMR285C	295
YMR286W	112
YMR287C	102
YMR288W	170
YMR289W	132
YMR290C	1237
YMR290W-A	0
YMR291W	292
YMR292W	238
YMR293C	198
YMR294W	22
YMR294W-A	3
YMR295C	1524
YMR296C	6322
YMR297W	4912
YMR298W	815
YMR299C	74
YMR300C	666
YMR301C	407
YMR302C	581
YMR303C	9
YMR304C-A	1371
YMR304W	139
YMR305C	10715
YMR306C-A	1
YMR306W	87
YMR307C-A	0
YMR307W	19224
YMR308C	1618
YMR309C	2415
YMR310C	613
YMR311C	337
YMR312W	529
YMR313C	310
YMR314W	490
YMR315W	636
YMR315W-A	20
YMR316C-A	4
YMR316C-B	8
YMR316W	136
YMR317W	26
YMR318C	970
YMR319C	374
YMR320W	5
YMR321C	0
YMR322C	0
YMR323W	0
YMR324C	0
YMR325W	0
YMR326C	0
YNL001W	133
YNL002C	170
YNL003C	132
YNL004W	319
YNL005C	120
YNL006W	239
YNL007C	2225
YNL008C	472
YNL009W	10
YNL010W	546
YNL011C	225
YNL012W	91
YNL013C	0
YNL014W	58
YNL015W	18
YNL016W	3972
YNL017C	0
YNL018C	7
YNL019C	0
YNL020C	194
YNL021W	171
YNL022C	281
YNL023C	517
YNL024C	10
YNL024C-A	59
YNL025C	248
YNL026W	506
YNL027W	255
YNL028W	0
YNL029C	121
YNL030W	153
YNL031C	1278
YNL032W	132
YNL033W	0
YNL034W	4
YNL035C	422
YNL036W	868
YNL037C	1548
YNL038W	22
YNL039W	276
YNL040W	240
YNL041C	236
YNL042W	144
YNL042W-B	0
YNL043C	5
YNL044W	1003
YNL045W	961
YNL046W	422
YNL047C	565
YNL048W	449
YNL049C	913
YNL050C	73
YNL051W	157
YNL052W	729
YNL053W	262
YNL054W	269
YNL054W-A	0
YNL054W-B	34
YNL055C	9202
YNL056W	368
YNL057W	18
YNL058C	784
YNL059C	331
YNL061W	1833
YNL062C	121
YNL063W	359
YNL064C	5081
YNL065W	235
YNL066W	5402
YNL067W	268
YNL067W-A	0
YNL067W-B	0
YNL068C	699
YNL069C	8072
YNL070W	208
YNL071W	3444
YNL072W	412
YNL073W	208
YNL074C	1511
YNL075W	375
YNL076W	319
YNL077W	161
YNL078W	648
YNL079C	290
YNL080C	729
YNL081C	226
YNL082W	85
YNL083W	82
YNL084C	208
YNL085W	1417
YNL086W	7
YNL087W	877
YNL088W	227
YNL089C	2
YNL090W	273
YNL091W	842
YNL092W	24
YNL093W	2
YNL094W	498
YNL095C	268
YNL096C	1859
YNL097C	128
YNL097C-B	21
YNL097W-A	0
YNL098C	393
YNL099C	556
YNL100W	252
YNL101W	823
YNL102W	474
YNL103W	654
YNL103W-A	1
YNL104C	4873
YNL105W	0
YNL106C	771
YNL107W	168
YNL108C	1108
YNL109W	6
YNL110C	159
YNL111C	1260
YNL112W	3185
YNL113W	187
YNL114C	14
YNL115C	242
YNL116W	378
YNL117W	21
YNL118C	1254
YNL119W	486
YNL120C	0
YNL121C	954
YNL122C	9
YNL123W	654
YNL124W	553
YNL125C	1435
YNL126W	354
YNL127W	182
YNL128W	15
YNL129W	55
YNL130C	1084
YNL130C-A	1
YNL131W	1359
YNL132W	1367
YNL133C	19
YNL134C	1283
YNL135C	26
YNL136W	72
YNL137C	294
YNL138W	822
YNL138W-A	29
YNL139C	270
YNL140C	0
YNL141W	2682
YNL142W	672
YNL143C	19
YNL144C	27
YNL144W-A	0
YNL145W	1
YNL146C-A	0
YNL146W	52
YNL147W	206
YNL148C	60
YNL149C	142
YNL150W	0
YNL151C	155
YNL152W	324
YNL153C	103
YNL154C	809
YNL155W	198
YNL156C	569
YNL157W	410
YNL158W	258
YNL159C	184
YNL160W	2283
YNL161W	453
YNL162W	509
YNL162W-A	44
YNL163C	427
YNL164C	34
YNL165W	253
YNL166C	447
YNL167C	548
YNL168C	447
YNL169C	585
YNL170W	2
YNL171C	0
YNL172W	260
YNL173C	438
YNL174W	0
YNL175C	377
YNL176C	830
YNL177C	111
YNL178W	7065
YNL179C	102
YNL180C	970
YNL181W	144
YNL182C	674
YNL183C	1170
YNL184C	0
YNL185C	880
YNL186W	1011
YNL187W	71
YNL188W	92
YNL189W	1098
YNL190W	5449
YNL191W	120
YNL192W	859
YNL193W	226
YNL194C	1
YNL195C	33
YNL196C	3
YNL197C	1844
YNL198C	0
YNL199C	412
YNL200C	52
YNL201C	267
YNL202W	2
YNL203C	66
YNL204C	20
YNL205C	3
YNL206C	200
YNL207W	215
YNL208W	459
YNL209W	1694
YNL210W	0
YNL211C	26
YNL212W	131
YNL213C	72
YNL214W	56
YNL215W	35
YNL216W	794
YNL217W	467
YNL218W	94
YNL219C	948
YNL220W	379
YNL221C	264
YNL222W	65
YNL223W	17
YNL224C	90
YNL225C	66
YNL226W	0
YNL227C	136
YNL228W	3
YNL229C	781
YNL230C	180
YNL231C	521
YNL232W	75
YNL233W	483
YNL234W	266
YNL235C	0
YNL236W	744
YNL237W	31
YNL238W	1091
YNL239W	754
YNL240C	355
YNL241C	10105
YNL242W	161
YNL243W	1441
YNL244C	1157
YNL245C	95
YNL246W	218
YNL247W	1179
YNL248C	1248
YNL249C	80
YNL250W	61
YNL251C	1900
YNL252C	289
YNL253W	97
YNL254C	171
YNL255C	2648
YNL256W	399
YNL257C	287
YNL258C	69
YNL259C	15
YNL260C	91
YNL261W	401
YNL262W	381
YNL263C	1261
YNL264C	451
YNL265C	153
YNL266W	0
YNL267W	329
YNL268W	3712
YNL269W	4
YNL270C	58
YNL271C	726
YNL272C	164
YNL273W	172
YNL274C	129
YNL275W	244
YNL276C	103
YNL277W	39
YNL277W-A	4
YNL278W	372
YNL279W	56
YNL280C	966
YNL281W	411
YNL282W	286
YNL283C	1539
YNL284C	325
YNL284C-A	0
YNL284C-B	0
YNL285W	0
YNL286W	30
YNL287W	3300
YNL288W	1635
YNL289W	777
YNL290W	531
YNL291C	492
YNL292W	485
YNL293W	114
YNL294C	223
YNL295W	149
YNL296W	0
YNL297C	670
YNL298W	606
YNL299W	113
YNL300W	1033
YNL301C	439
YNL302C	505
YNL303W	5
YNL304W	104
YNL305C	658
YNL306W	100
YNL307C	6456
YNL308C	257
YNL309W	418
YNL310C	225
YNL311C	331
YNL312W	707
YNL313C	595
YNL314W	182
YNL315C	254
YNL316C	459
YNL317W	351
YNL318C	1
YNL319W	13
YNL320W	375
YNL321W	1575
YNL322C	3108
YNL323W	366
YNL324W	0
YNL325C	74
YNL326C	225
YNL327W	7506
YNL328C	37
YNL329C	685
YNL330C	240
YNL331C	15
YNL332W	0
YNL333W	1
YNL334C	0
YNL335W	0
YNL336W	0
YNL337W	0
YNL338W	0
YNL339C	0
YNL339W-A	0
YNL339W-B	0
YNR001C	1081
YNR001W-A	0
YNR002C	13
YNR003C	281
YNR003W-A	0
YNR004W	24
YNR005C	0
YNR006W	445
YNR007C	68
YNR008W	229
YNR009W	183
YNR010W	60
YNR011C	214
YNR012W	476
YNR013C	3673
YNR014W	63
YNR015W	1051
YNR016C	10142
YNR017W	1676
YNR018W	2139
YNR019W	678
YNR020C	13
YNR021W	3665
YNR022C	112
YNR023W	475
YNR024W	22
YNR025C	2
YNR026C	318
YNR027W	258
YNR028W	837
YNR029C	232
YNR030W	768
YNR031C	232
YNR032C-A	10
YNR032W	408
YNR033W	673
YNR034W	246
YNR034W-A	6
YNR035C	1015
YNR036C	409
YNR037C	186
YNR038W	755
YNR039C	421
YNR040W	191
YNR041C	409
YNR042W	5
YNR043W	3083
YNR044W	1373
YNR045W	135
YNR046W	1062
YNR047W	572
YNR048W	447
YNR049C	171
YNR050C	781
YNR051C	374
YNR052C	621
YNR053C	548
YNR054C	209
YNR055C	460
YNR056C	33
YNR057C	86
YNR058W	278
YNR059W	178
YNR060W	277
YNR061C	192
YNR062C	9
YNR063W	38
YNR064C	15
YNR065C	63
YNR066C	77
YNR067C	1119
YNR068C	59
YNR069C	121
YNR070W	0
YNR071C	0
YNR072W	0
YNR073C	0
YNR074C	0
YNR075C-A	0
YNR075W	174
YNR076W	0
YNR077C	0
YOL001W	402
YOL002C	351
YOL003C	283
YOL004W	2295
YOL005C	1067
YOL006C	474
YOL007C	948
YOL008W	285
YOL009C	149
YOL010W	339
YOL011W	633
YOL012C	159
YOL013C	190
YOL013W-A	1
YOL013W-B	1
YOL014W	172
YOL015W	67
YOL016C	154
YOL017W	106
YOL018C	35
YOL019W	959
YOL019W-A	0
YOL020W	1644
YOL021C	1394
YOL022C	221
YOL023W	255
YOL024W	11
YOL025W	208
YOL026C	227
YOL027C	1123
YOL028C	135
YOL029C	412
YOL030W	3909
YOL031C	708
YOL032W	74
YOL033W	61
YOL034W	53
YOL035C	0
YOL036W	407
YOL037C	1
YOL038C-A	1
YOL038W	1488
YOL039W	4854
YOL040C	41209
YOL041C	191
YOL042W	168
YOL043C	98
YOL044W	56
YOL045W	172
YOL046C	0
YOL047C	10
YOL048C	213
YOL049W	593
YOL050C	0
YOL051W	1333
YOL052C	845
YOL052C-A	1
YOL053W	106
YOL054W	71
YOL055C	85
YOL056W	246
YOL057W	1010
YOL058W	440
YOL059W	1993
YOL060C	888
YOL061W	2775
YOL062C	650
YOL063C	374
YOL064C	256
YOL065C	40
YOL066C	672
YOL067C	193
YOL068C	534
YOL069W	64
YOL070C	442
YOL071W	187
YOL072W	466
YOL073C	610
YOL075C	270
YOL076W	334
YOL077C	1370
YOL077W-A	170
YOL078W	127
YOL079W	1
YOL080C	256
YOL081W	1346
YOL082W	396
YOL083C-A	1
YOL083W	18
YOL084W	73
YOL085C	0
YOL085W-A	10
YOL086C	27901
YOL086W-A	159
YOL087C	264
YOL088C	274
YOL089C	294
YOL090W	387
YOL091W	15
YOL092W	2177
YOL093W	344
YOL094C	501
YOL095C	229
YOL096C	99
YOL097C	2136
YOL097W-A	6
YOL098C	1237
YOL099C	2
YOL100W	270
YOL101C	111
YOL102C	250
YOL103W	553
YOL103W-A	0
YOL103W-B	0
YOL104C	98
YOL105C	638
YOL106W	3
YOL107W	121
YOL108C	43
YOL109W	6084
YOL110W	83
YOL111C	745
YOL112W	214
YOL113W	117
YOL114C	9
YOL115W	257
YOL116W	153
YOL117W	30
YOL118C	1
YOL119C	395
YOL120C	3622
YOL121C	864
YOL122C	885
YOL123W	1165
YOL124C	286
YOL125W	114
YOL126C	364
YOL127W	7969
YOL128C	109
YOL129W	213
YOL130W	1033
YOL131W	2
YOL132W	6
YOL133W	129
YOL134C	4
YOL135C	590
YOL136C	1103
YOL137W	221
YOL138C	270
YOL139C	2444
YOL140W	208
YOL141W	120
YOL142W	507
YOL143C	548
YOL144W	55
YOL145C	241
YOL146W	250
YOL147C	416
YOL148C	339
YOL149W	116
YOL150C	9
YOL151W	1396
YOL152W	935
YOL153C	27
YOL154W	36
YOL155C	425
YOL155W-A	0
YOL156W	0
YOL157C	0
YOL158C	437
YOL159C	53
YOL159C-A	31
YOL160W	1
YOL161C	1
YOL162W	39
YOL163W	19
YOL164W	279
YOL164W-A	0
YOL165C	0
YOL166C	0
YOL166W-A	0
YOR001W	690
YOR002W	2133
YOR003W	57
YOR004W	245
YOR005C	78
YOR006C	44
YOR007C	848
YOR008C	993
YOR008C-A	0
YOR008W-B	9
YOR009W	413
YOR010C	144
YOR011W	194
YOR011W-A	0
YOR012W	6
YOR013W	28
YOR014W	1090
YOR015W	102
YOR016C	569
YOR017W	244
YOR018W	627
YOR019W	44
YOR020C	1687
YOR020W-A	8
YOR021C	649
YOR022C	88
YOR023C	1050
YOR024W	1
YOR025W	722
YOR026W	452
YOR027W	4952
YOR028C	241
YOR029W	0
YOR030W	283
YOR031W	48
YOR032C	51
YOR032W-A	6
YOR033C	168
YOR034C	425
YOR034C-A	23
YOR035C	328
YOR036W	27
YOR037W	231
YOR038C	175
YOR039W	450
YOR040W	44
YOR041C	20
YOR042W	695
YOR043W	896
YOR044W	80
YOR045W	287
YOR046C	1356
YOR047C	296
YOR048C	755
YOR049C	11
YOR050C	9
YOR051C	625
YOR052C	128
YOR053W	1
YOR054C	136
YOR055W	2
YOR056C	279
YOR057W	157
YOR058C	298
YOR059C	204
YOR060C	62
YOR061W	627
YOR062C	61
YOR063W	18549
YOR064C	67
YOR065W	4943
YOR066W	693
YOR067C	940
YOR068C	1
YOR069W	245
YOR070C	510
YOR071C	586
YOR072W	35
YOR072W-A	24
YOR072W-B	0
YOR073W	207
YOR073W-A	0
YOR074C	498
YOR075W	58
YOR076C	148
YOR077W	28
YOR078W	84
YOR079C	117
YOR080W	123
YOR081C	845
YOR082C	0
YOR083W	78
YOR084W	447
YOR085W	2957
YOR086C	674
YOR087W	571
YOR089C	416
YOR090C	291
YOR091W	699
YOR092W	371
YOR093C	320
YOR094W	122
YOR095C	370
YOR096W	2630
YOR097C	34
YOR098C	896
YOR099W	2456
YOR100C	14
YOR101W	251
YOR102W	3
YOR103C	86
YOR104W	66
YOR105W	8
YOR106W	130
YOR107W	63
YOR108C-A	0
YOR108W	2452
YOR109W	636
YOR110W	123
YOR111W	63
YOR112W	473
YOR113W	286
YOR114W	69
YOR115C	95
YOR116C	1191
YOR117W	770
YOR118W	72
YOR119C	169
YOR120W	263
YOR121C	188
YOR122C	1627
YOR123C	224
YOR124C	500
YOR125C	51
YOR126C	347
YOR127W	278
YOR128C	471
YOR129C	311
YOR130C	95
YOR131C	281
YOR132W	373
YOR133W	6
YOR134W	0
YOR135C	0
YOR136W	2548
YOR137C	163
YOR138C	169
YOR139C	2
YOR140W	844
YOR141C	437
YOR142W	1259
YOR142W-A	0
YOR142W-B	0
YOR143C	82
YOR144C	252
YOR145C	817
YOR146W	0
YOR147W	121
YOR148C	8
YOR149C	680
YOR150W	142
YOR151C	1390
YOR152C	66
YOR153W	6761
YOR154W	179
YOR155C	250
YOR156C	222
YOR157C	1420
YOR158W	196
YOR159C	45
YOR160W	649
YOR161C	878
YOR161C-C	12
YOR161W-A	2
YOR161W-B	16
YOR162C	226
YOR163W	271
YOR164C	134
YOR165W	209
YOR166C	340
YOR167C	2599
YOR168W	1804
YOR169C	5
YOR170W	0
YOR171C	801
YOR172W	171
YOR173W	30
YOR174W	222
YOR175C	453
YOR176W	863
YOR177C	22
YOR178C	4
YOR179C	30
YOR180C	123
YOR181W	612
YOR182C	51
YOR183W	2
YOR184W	876
YOR185C	29
YOR186C-A	0
YOR186W	0
YOR187W	2778
YOR188W	662
YOR189W	65
YOR190W	10
YOR191W	163
YOR192C	51
YOR192C-A	0
YOR192C-B	0
YOR192C-C	0
YOR193W	83
YOR194C	233
YOR195W	99
YOR196C	230
YOR197W	1221
YOR198C	1878
YOR199W	0
YOR200W	0
YOR201C	281
YOR202W	347
YOR203W	14
YOR204W	7688
YOR205C	506
YOR206W	729
YOR207C	748
YOR208W	472
YOR209C	1452
YOR210W	467
YOR211C	248
YOR212W	258
YOR213C	277
YOR214C	0
YOR215C	118
YOR216C	207
YOR217W	491
YOR218C	0
YOR219C	399
YOR220W	159
YOR221C	1066
YOR222W	206
YOR223W	50
YOR224C	2103
YOR225W	0
YOR226C	439
YOR227W	926
YOR228C	178
YOR229W	96
YOR230W	2662
YOR231C-A	0
YOR231W	612
YOR232W	588
YOR233W	400
YOR234C	300
YOR235W	1
YOR236W	209
YOR237W	3
YOR238W	178
YOR239W	520
YOR241W	327
YOR242C	8
YOR243C	640
YOR244W	129
YOR245C	85
YOR246C	485
YOR247W	6148
YOR248W	65
YOR249C	109
YOR250C	268
YOR251C	526
YOR252W	202
YOR253W	39
YOR254C	1507
YOR255W	0
YOR256C	226
YOR257W	123
YOR258W	40
YOR259C	1186
YOR260W	1447
YOR261C	189
YOR262W	101
YOR263C	0
YOR264W	384
YOR265W	144
YOR266W	239
YOR267C	530
YOR268C	1
YOR269W	86
YOR270C	1587
YOR271C	2695
YOR272W	1384
YOR273C	148
YOR274W	80
YOR275C	238
YOR276W	458
YOR277C	0
YOR278W	215
YOR279C	89
YOR280C	323
YOR281C	110
YOR282W	0
YOR283W	178
YOR284W	94
YOR285W	165
YOR286W	631
YOR287C	61
YOR288C	239
YOR289W	34
YOR290C	728
YOR291W	668
YOR292C	57
YOR293C-A	1
YOR293W	378
YOR294W	273
YOR295W	39
YOR296W	137
YOR297C	746
YOR298C-A	901
YOR298W	32
YOR299W	775
YOR300W	13
YOR301W	413
YOR302W	5
YOR303W	3459
YOR304C-A	33
YOR304W	269
YOR305W	272
YOR306C	636
YOR307C	412
YOR308C	55
YOR309C	582
YOR310C	2012
YOR311C	917
YOR312C	1610
YOR313C	13
YOR314W	0
YOR314W-A	1
YOR315W	631
YOR316C	1189
YOR316C-A	41
YOR317W	722
YOR318C	17
YOR319W	101
YOR320C	278
YOR321W	444
YOR322C	674
YOR323C	496
YOR324C	334
YOR325W	0
YOR326W	649
YOR327C	120
YOR328W	449
YOR329C	380
YOR329W-A	7
YOR330C	377
YOR331C	1
YOR332W	1876
YOR333C	0
YOR334W	144
YOR335C	2305
YOR335W-A	0
YOR336W	287
YOR337W	488
YOR338W	28
YOR339C	8
YOR340C	666
YOR341W	2696
YOR342C	706
YOR343C	33
YOR343W-A	0
YOR343W-B	2
YOR344C	329
YOR345C	1
YOR346W	278
YOR347C	90
YOR348C	512
YOR349W	533
YOR350C	122
YOR351C	0
YOR352W	123
YOR353C	337
YOR354C	593
YOR355W	2306
YOR356W	464
YOR357C	79
YOR358W	154
YOR359W	539
YOR360C	420
YOR361C	1615
YOR362C	699
YOR363C	268
YOR364W	0
YOR365C	3
YOR366W	3
YOR367W	62
YOR368W	27
YOR369C	964
YOR370C	1645
YOR371C	433
YOR372C	528
YOR373W	506
YOR374W	185
YOR375C	5449
YOR376W	0
YOR376W-A	29
YOR377W	279
YOR378W	56
YOR379C	4
YOR380W	233
YOR381W	122
YOR381W-A	0
YOR382W	45
YOR383C	338
YOR384W	5
YOR385W	76
YOR386W	35
YOR387C	1
YOR388C	0
YOR389W	13
YOR390W	1
YOR391C	0
YOR392W	2
YOR393W	0
YOR394C-A	0
YOR394W	0
YOR396C-A	0
YOR396W	0
YPL001W	291
YPL002C	26
YPL003W	116
YPL004C	2447
YPL005W	78
YPL006W	592
YPL007C	143
YPL008W	280
YPL009C	317
YPL010W	176
YPL011C	228
YPL012W	1413
YPL013C	110
YPL014W	386
YPL015C	569
YPL016W	568
YPL017C	9
YPL018W	72
YPL019C	1002
YPL020C	170
YPL021W	0
YPL022W	247
YPL023C	603
YPL024W	64
YPL025C	16
YPL026C	206
YPL027W	1
YPL028W	2557
YPL029W	293
YPL030W	571
YPL031C	274
YPL032C	1313
YPL033C	0
YPL034W	54
YPL035C	0
YPL036W	234
YPL037C	2180
YPL038W	117
YPL038W-A	1
YPL039W	28
YPL040C	281
YPL041C	271
YPL042C	278
YPL043W	531
YPL044C	4
YPL045W	64
YPL046C	17
YPL047W	39
YPL048W	3382
YPL049C	1409
YPL050C	1188
YPL051W	46
YPL052W	112
YPL053C	204
YPL054W	21
YPL055C	221
YPL056C	84
YPL057C	773
YPL058C	1422
YPL059W	914
YPL060C-A	0
YPL060W	46
YPL061W	11335
YPL062W	0
YPL063W	733
YPL064C	57
YPL065W	133
YPL066W	1043
YPL067C	568
YPL068C	147
YPL069C	177
YPL070W	99
YPL071C	93
YPL072W	238
YPL073C	0
YPL074W	173
YPL075W	707
YPL076W	317
YPL077C	39
YPL078C	869
YPL079W	2004
YPL080C	1
YPL081W	2160
YPL082C	1059
YPL083C	137
YPL084W	689
YPL085W	1052
YPL086C	481
YPL087W	274
YPL088W	107
YPL089C	751
YPL090C	25
YPL091W	514
YPL092W	73
YPL093W	2902
YPL094C	1154
YPL095C	464
YPL096C-A	20
YPL096W	45
YPL097W	129
YPL098C	294
YPL099C	52
YPL100W	137
YPL101W	736
YPL102C	2
YPL103C	277
YPL104W	146
YPL105C	1679
YPL106C	9834
YPL107W	69
YPL108W	66
YPL109C	93
YPL110C	271
YPL111W	341
YPL112C	423
YPL113C	23
YPL114W	32
YPL115C	904
YPL116W	287
YPL117C	577
YPL118W	245
YPL119C	34
YPL119C-A	14
YPL120W	230
YPL121C	0
YPL122C	131
YPL123C	50
YPL124W	80
YPL125W	263
YPL126W	1483
YPL127C	765
YPL128C	1141
YPL129W	616
YPL130W	1
YPL131W	29468
YPL132W	214
YPL133C	78
YPL134C	101
YPL135C-A	0
YPL135W	802
YPL136W	6
YPL137C	1400
YPL138C	54
YPL139C	149
YPL140C	301
YPL141C	432
YPL142C	0
YPL143W	2143
YPL144W	62
YPL145C	2697
YPL146C	35
YPL147W	78
YPL148C	100
YPL149W	192
YPL150W	216
YPL151C	179
YPL152W	111
YPL152W-A	0
YPL153C	190
YPL154C	1309
YPL155C	230
YPL156C	48
YPL157W	187
YPL158C	361
YPL159C	234
YPL160W	2341
YPL161C	189
YPL162C	165
YPL163C	1046
YPL164C	149
YPL165C	7
YPL166W	42
YPL167C	107
YPL168W	61
YPL169C	1024
YPL170W	61
YPL171C	27
YPL172C	437
YPL173W	285
YPL174C	97
YPL175W	92
YPL176C	363
YPL177C	1322
YPL178W	197
YPL179W	1464
YPL180W	218
YPL181W	469
YPL182C	1
YPL183C	519
YPL183W-A	545
YPL184C	726
YPL185W	6
YPL186C	13
YPL187W	3250
YPL188W	384
YPL189C-A	23
YPL189W	62
YPL190C	812
YPL191C	38
YPL192C	0
YPL193W	244
YPL194W	121
YPL195W	340
YPL196W	83
YPL197C	1
YPL198W	387
YPL199C	194
YPL200W	0
YPL201C	14
YPL202C	334
YPL203W	163
YPL204W	661
YPL205C	0
YPL206C	195
YPL207W	1059
YPL208W	294
YPL209C	40
YPL210C	328
YPL211W	440
YPL212C	838
YPL213W	221
YPL214C	487
YPL215W	324
YPL216W	41
YPL217C	439
YPL218W	882
YPL219W	175
YPL220W	41
YPL221W	1218
YPL222C-A	0
YPL222W	89
YPL223C	2
YPL224C	276
YPL225W	86
YPL226W	1956
YPL227C	142
YPL228W	473
YPL229W	277
YPL230W	64
YPL231W	13866
YPL232W	763
YPL233W	128
YPL234C	1074
YPL235W	651
YPL236C	190
YPL237W	1370
YPL238C	8
YPL239W	757
YPL240C	372
YPL241C	79
YPL242C	514
YPL243W	750
YPL244C	411
YPL245W	794
YPL246C	2220
YPL247C	472
YPL248C	76
YPL249C	73
YPL249C-A	5818
YPL250C	290
YPL250W-A	0
YPL251W	1
YPL252C	965
YPL253C	142
YPL254W	178
YPL255W	103
YPL256C	1516
YPL257W	100
YPL257W-A	0
YPL257W-B	0
YPL258C	220
YPL259C	280
YPL260W	806
YPL261C	1
YPL262W	1980
YPL263C	248
YPL264C	92
YPL265W	1137
YPL266W	305
YPL267W	285
YPL268W	159
YPL269W	200
YPL270W	456
YPL271W	924
YPL272C	87
YPL273W	1212
YPL274W	1240
YPL275W	0
YPL276W	0
YPL277C	2
YPL278C	0
YPL279C	1
YPL280W	0
YPL281C	0
YPL282C	0
YPL283C	0
YPL283W-A	0
YPL283W-B	0
YPR001W	15
YPR002C-A	0
YPR002W	49
YPR003C	307
YPR004C	871
YPR005C	75
YPR006C	42
YPR007C	13
YPR008W	452
YPR009W	188
YPR010C	2736
YPR010C-A	57
YPR011C	87
YPR012W	5
YPR013C	218
YPR014C	0
YPR015C	12
YPR016C	2521
YPR016W-A	0
YPR017C	123
YPR018W	117
YPR019W	837
YPR020W	230
YPR021C	260
YPR022C	451
YPR023C	238
YPR024W	1316
YPR025C	217
YPR026W	173
YPR027C	4
YPR028W	1776
YPR029C	238
YPR030W	85
YPR031W	211
YPR032W	383
YPR033C	842
YPR034W	559
YPR035W	2973
YPR036W	2890
YPR036W-A	446
YPR037C	132
YPR038W	0
YPR039W	0
YPR040W	245
YPR041W	1895
YPR042C	852
YPR043W	1130
YPR044C	2
YPR045C	47
YPR046W	18
YPR047W	120
YPR048W	509
YPR049C	93
YPR050C	1
YPR051W	212
YPR052C	871
YPR053C	294
YPR054W	20
YPR055W	346
YPR056W	145
YPR057W	65
YPR058W	326
YPR059C	9
YPR060C	409
YPR061C	45
YPR062W	50
YPR063C	1784
YPR064W	5
YPR065W	1095
YPR066W	108
YPR067W	341
YPR068C	95
YPR069C	1854
YPR070W	141
YPR071W	172
YPR072W	444
YPR073C	91
YPR074C	18462
YPR074W-A	0
YPR075C	307
YPR076W	8
YPR077C	0
YPR078C	1
YPR079W	165
YPR080W	26
YPR081C	76
YPR082C	9
YPR083W	103
YPR084W	220
YPR085C	177
YPR086W	112
YPR087W	0
YPR088C	857
YPR089W	413
YPR091C	472
YPR092W	1
YPR093C	57
YPR094W	65
YPR095C	283
YPR096C	3
YPR097W	167
YPR098C	59
YPR099C	35
YPR100W	8
YPR101W	46
YPR102C	41
YPR103W	636
YPR104C	200
YPR105C	303
YPR106W	748
YPR107C	112
YPR108W	385
YPR108W-A	5
YPR109W	250
YPR110C	2201
YPR111W	171
YPR112C	204
YPR113W	1693
YPR114W	3170
YPR115W	683
YPR116W	19
YPR117W	573
YPR118W	623
YPR119W	647
YPR120C	182
YPR121W	174
YPR122W	227
YPR123C	7
YPR124W	1268
YPR125W	555
YPR126C	0
YPR127W	461
YPR128C	319
YPR129W	920
YPR130C	5
YPR131C	203
YPR132W	239
YPR133C	230
YPR133W-A	78
YPR134W	96
YPR135W	289
YPR136C	0
YPR137C-A	0
YPR137C-B	0
YPR137W	405
YPR138C	604
YPR139C	458
YPR140W	498
YPR141C	57
YPR142C	2
YPR143W	119
YPR144C	1331
YPR145C-A	0
YPR145W	5938
YPR146C	16
YPR147C	244
YPR148C	204
YPR149W	9773
YPR150W	7
YPR151C	24
YPR152C	21
YPR153W	39
YPR154W	587
YPR155C	103
YPR156C	478
YPR157W	57
YPR158C-C	0
YPR158C-D	0
YPR158W	147
YPR158W-A	0
YPR158W-B	0
YPR159C-A	0
YPR159W	4153
YPR160C-A	3
YPR160W	7
YPR160W-A	0
YPR161C	427
YPR162C	247
YPR163C	1213
YPR164W	328
YPR165W	879
YPR166C	37
YPR167C	102
YPR168W	34
YPR169W	670
YPR169W-A	0
YPR170C	1
YPR170W-A	2
YPR170W-B	40
YPR171W	624
YPR172W	131
YPR173C	295
YPR174C	71
YPR175W	356
YPR176C	309
YPR177C	3
YPR178W	78
YPR179C	91
YPR180W	170
YPR181C	9668
YPR182W	250
YPR183W	6814
YPR184W	281
YPR185W	589
YPR186C	48
YPR187W	745
YPR188C	50
YPR189W	340
YPR190C	386
YPR191W	2428
YPR192W	34
YPR193C	1
YPR194C	35
YPR195C	0
YPR196W	121
YPR197C	10
YPR198W	479
YPR199C	82
YPR200C	12
YPR201W	8
YPR202W	0
YPR203W	0
YPR204C-A	0
YPR204W	0
